date_id,date_num,date,year_month_number,calendar_quarter,month_num,month_name
20200101,20200101,2020-01-01,202001,Qtr 4,1,January
20200102,20200102,2020-01-02,202001,Qtr 4,1,January
20200103,20200103,2020-01-03,202001,Qtr 4,1,January
20200104,20200104,2020-01-04,202001,Qtr 4,1,January
20200105,20200105,2020-01-05,202001,Qtr 4,1,January
20200106,20200106,2020-01-06,202001,Qtr 4,1,January
20200107,20200107,2020-01-07,202001,Qtr 4,1,January
20200108,20200108,2020-01-08,202001,Qtr 4,1,January
20200109,20200109,2020-01-09,202001,Qtr 4,1,January
20200110,20200110,2020-01-10,202001,Qtr 4,1,January
20200111,20200111,2020-01-11,202001,Qtr 4,1,January
20200112,20200112,2020-01-12,202001,Qtr 4,1,January
20200113,20200113,2020-01-13,202001,Qtr 4,1,January
20200114,20200114,2020-01-14,202001,Qtr 4,1,January
20200115,20200115,2020-01-15,202001,Qtr 4,1,January
20200116,20200116,2020-01-16,202001,Qtr 4,1,January
20200117,20200117,2020-01-17,202001,Qtr 4,1,January
20200118,20200118,2020-01-18,202001,Qtr 4,1,January
20200119,20200119,2020-01-19,202001,Qtr 4,1,January
20200120,20200120,2020-01-20,202001,Qtr 4,1,January
20200121,20200121,2020-01-21,202001,Qtr 4,1,January
20200122,20200122,2020-01-22,202001,Qtr 4,1,January
20200123,20200123,2020-01-23,202001,Qtr 4,1,January
20200124,20200124,2020-01-24,202001,Qtr 4,1,January
20200125,20200125,2020-01-25,202001,Qtr 4,1,January
20200126,20200126,2020-01-26,202001,Qtr 4,1,January
20200127,20200127,2020-01-27,202001,Qtr 4,1,January
20200128,20200128,2020-01-28,202001,Qtr 4,1,January
20200129,20200129,2020-01-29,202001,Qtr 4,1,January
20200130,20200130,2020-01-30,202001,Qtr 4,1,January
20200131,20200131,2020-01-31,202001,Qtr 4,1,January
20200201,20200201,2020-02-01,202002,Qtr 1,2,February
20200202,20200202,2020-02-02,202002,Qtr 1,2,February
20200203,20200203,2020-02-03,202002,Qtr 1,2,February
20200204,20200204,2020-02-04,202002,Qtr 1,2,February
20200205,20200205,2020-02-05,202002,Qtr 1,2,February
20200206,20200206,2020-02-06,202002,Qtr 1,2,February
20200207,20200207,2020-02-07,202002,Qtr 1,2,February
20200208,20200208,2020-02-08,202002,Qtr 1,2,February
20200209,20200209,2020-02-09,202002,Qtr 1,2,February
20200210,20200210,2020-02-10,202002,Qtr 1,2,February
20200211,20200211,2020-02-11,202002,Qtr 1,2,February
20200212,20200212,2020-02-12,202002,Qtr 1,2,February
20200213,20200213,2020-02-13,202002,Qtr 1,2,February
20200214,20200214,2020-02-14,202002,Qtr 1,2,February
20200215,20200215,2020-02-15,202002,Qtr 1,2,February
20200216,20200216,2020-02-16,202002,Qtr 1,2,February
20200217,20200217,2020-02-17,202002,Qtr 1,2,February
20200218,20200218,2020-02-18,202002,Qtr 1,2,February
20200219,20200219,2020-02-19,202002,Qtr 1,2,February
20200220,20200220,2020-02-20,202002,Qtr 1,2,February
20200221,20200221,2020-02-21,202002,Qtr 1,2,February
20200222,20200222,2020-02-22,202002,Qtr 1,2,February
20200223,20200223,2020-02-23,202002,Qtr 1,2,February
20200224,20200224,2020-02-24,202002,Qtr 1,2,February
20200225,20200225,2020-02-25,202002,Qtr 1,2,February
20200226,20200226,2020-02-26,202002,Qtr 1,2,February
20200227,20200227,2020-02-27,202002,Qtr 1,2,February
20200228,20200228,2020-02-28,202002,Qtr 1,2,February
20200229,20200229,2020-02-29,202002,Qtr 1,2,February
20200301,20200301,2020-03-01,202003,Qtr 1,3,March
20200302,20200302,2020-03-02,202003,Qtr 1,3,March
20200303,20200303,2020-03-03,202003,Qtr 1,3,March
20200304,20200304,2020-03-04,202003,Qtr 1,3,March
20200305,20200305,2020-03-05,202003,Qtr 1,3,March
20200306,20200306,2020-03-06,202003,Qtr 1,3,March
20200307,20200307,2020-03-07,202003,Qtr 1,3,March
20200308,20200308,2020-03-08,202003,Qtr 1,3,March
20200309,20200309,2020-03-09,202003,Qtr 1,3,March
20200310,20200310,2020-03-10,202003,Qtr 1,3,March
20200311,20200311,2020-03-11,202003,Qtr 1,3,March
20200312,20200312,2020-03-12,202003,Qtr 1,3,March
20200313,20200313,2020-03-13,202003,Qtr 1,3,March
20200314,20200314,2020-03-14,202003,Qtr 1,3,March
20200315,20200315,2020-03-15,202003,Qtr 1,3,March
20200316,20200316,2020-03-16,202003,Qtr 1,3,March
20200317,20200317,2020-03-17,202003,Qtr 1,3,March
20200318,20200318,2020-03-18,202003,Qtr 1,3,March
20200319,20200319,2020-03-19,202003,Qtr 1,3,March
20200320,20200320,2020-03-20,202003,Qtr 1,3,March
20200321,20200321,2020-03-21,202003,Qtr 1,3,March
20200322,20200322,2020-03-22,202003,Qtr 1,3,March
20200323,20200323,2020-03-23,202003,Qtr 1,3,March
20200324,20200324,2020-03-24,202003,Qtr 1,3,March
20200325,20200325,2020-03-25,202003,Qtr 1,3,March
20200326,20200326,2020-03-26,202003,Qtr 1,3,March
20200327,20200327,2020-03-27,202003,Qtr 1,3,March
20200328,20200328,2020-03-28,202003,Qtr 1,3,March
20200329,20200329,2020-03-29,202003,Qtr 1,3,March
20200330,20200330,2020-03-30,202003,Qtr 1,3,March
20200331,20200331,2020-03-31,202003,Qtr 1,3,March
20200401,20200401,2020-04-01,202004,Qtr 1,4,April
20200402,20200402,2020-04-02,202004,Qtr 1,4,April
20200403,20200403,2020-04-03,202004,Qtr 1,4,April
20200404,20200404,2020-04-04,202004,Qtr 1,4,April
20200405,20200405,2020-04-05,202004,Qtr 1,4,April
20200406,20200406,2020-04-06,202004,Qtr 1,4,April
20200407,20200407,2020-04-07,202004,Qtr 1,4,April
20200408,20200408,2020-04-08,202004,Qtr 1,4,April
20200409,20200409,2020-04-09,202004,Qtr 1,4,April
20200410,20200410,2020-04-10,202004,Qtr 1,4,April
20200411,20200411,2020-04-11,202004,Qtr 1,4,April
20200412,20200412,2020-04-12,202004,Qtr 1,4,April
20200413,20200413,2020-04-13,202004,Qtr 1,4,April
20200414,20200414,2020-04-14,202004,Qtr 1,4,April
20200415,20200415,2020-04-15,202004,Qtr 1,4,April
20200416,20200416,2020-04-16,202004,Qtr 1,4,April
20200417,20200417,2020-04-17,202004,Qtr 1,4,April
20200418,20200418,2020-04-18,202004,Qtr 1,4,April
20200419,20200419,2020-04-19,202004,Qtr 1,4,April
20200420,20200420,2020-04-20,202004,Qtr 1,4,April
20200421,20200421,2020-04-21,202004,Qtr 1,4,April
20200422,20200422,2020-04-22,202004,Qtr 1,4,April
20200423,20200423,2020-04-23,202004,Qtr 1,4,April
20200424,20200424,2020-04-24,202004,Qtr 1,4,April
20200425,20200425,2020-04-25,202004,Qtr 1,4,April
20200426,20200426,2020-04-26,202004,Qtr 1,4,April
20200427,20200427,2020-04-27,202004,Qtr 1,4,April
20200428,20200428,2020-04-28,202004,Qtr 1,4,April
20200429,20200429,2020-04-29,202004,Qtr 1,4,April
20200430,20200430,2020-04-30,202004,Qtr 1,4,April
20200501,20200501,2020-05-01,202005,Qtr 2,5,May
20200502,20200502,2020-05-02,202005,Qtr 2,5,May
20200503,20200503,2020-05-03,202005,Qtr 2,5,May
20200504,20200504,2020-05-04,202005,Qtr 2,5,May
20200505,20200505,2020-05-05,202005,Qtr 2,5,May
20200506,20200506,2020-05-06,202005,Qtr 2,5,May
20200507,20200507,2020-05-07,202005,Qtr 2,5,May
20200508,20200508,2020-05-08,202005,Qtr 2,5,May
20200509,20200509,2020-05-09,202005,Qtr 2,5,May
20200510,20200510,2020-05-10,202005,Qtr 2,5,May
20200511,20200511,2020-05-11,202005,Qtr 2,5,May
20200512,20200512,2020-05-12,202005,Qtr 2,5,May
20200513,20200513,2020-05-13,202005,Qtr 2,5,May
20200514,20200514,2020-05-14,202005,Qtr 2,5,May
20200515,20200515,2020-05-15,202005,Qtr 2,5,May
20200516,20200516,2020-05-16,202005,Qtr 2,5,May
20200517,20200517,2020-05-17,202005,Qtr 2,5,May
20200518,20200518,2020-05-18,202005,Qtr 2,5,May
20200519,20200519,2020-05-19,202005,Qtr 2,5,May
20200520,20200520,2020-05-20,202005,Qtr 2,5,May
20200521,20200521,2020-05-21,202005,Qtr 2,5,May
20200522,20200522,2020-05-22,202005,Qtr 2,5,May
20200523,20200523,2020-05-23,202005,Qtr 2,5,May
20200524,20200524,2020-05-24,202005,Qtr 2,5,May
20200525,20200525,2020-05-25,202005,Qtr 2,5,May
20200526,20200526,2020-05-26,202005,Qtr 2,5,May
20200527,20200527,2020-05-27,202005,Qtr 2,5,May
20200528,20200528,2020-05-28,202005,Qtr 2,5,May
20200529,20200529,2020-05-29,202005,Qtr 2,5,May
20200530,20200530,2020-05-30,202005,Qtr 2,5,May
20200531,20200531,2020-05-31,202005,Qtr 2,5,May
20200601,20200601,2020-06-01,202006,Qtr 2,6,June
20200602,20200602,2020-06-02,202006,Qtr 2,6,June
20200603,20200603,2020-06-03,202006,Qtr 2,6,June
20200604,20200604,2020-06-04,202006,Qtr 2,6,June
20200605,20200605,2020-06-05,202006,Qtr 2,6,June
20200606,20200606,2020-06-06,202006,Qtr 2,6,June
20200607,20200607,2020-06-07,202006,Qtr 2,6,June
20200608,20200608,2020-06-08,202006,Qtr 2,6,June
20200609,20200609,2020-06-09,202006,Qtr 2,6,June
20200610,20200610,2020-06-10,202006,Qtr 2,6,June
20200611,20200611,2020-06-11,202006,Qtr 2,6,June
20200612,20200612,2020-06-12,202006,Qtr 2,6,June
20200613,20200613,2020-06-13,202006,Qtr 2,6,June
20200614,20200614,2020-06-14,202006,Qtr 2,6,June
20200615,20200615,2020-06-15,202006,Qtr 2,6,June
20200616,20200616,2020-06-16,202006,Qtr 2,6,June
20200617,20200617,2020-06-17,202006,Qtr 2,6,June
20200618,20200618,2020-06-18,202006,Qtr 2,6,June
20200619,20200619,2020-06-19,202006,Qtr 2,6,June
20200620,20200620,2020-06-20,202006,Qtr 2,6,June
20200621,20200621,2020-06-21,202006,Qtr 2,6,June
20200622,20200622,2020-06-22,202006,Qtr 2,6,June
20200623,20200623,2020-06-23,202006,Qtr 2,6,June
20200624,20200624,2020-06-24,202006,Qtr 2,6,June
20200625,20200625,2020-06-25,202006,Qtr 2,6,June
20200626,20200626,2020-06-26,202006,Qtr 2,6,June
20200627,20200627,2020-06-27,202006,Qtr 2,6,June
20200628,20200628,2020-06-28,202006,Qtr 2,6,June
20200629,20200629,2020-06-29,202006,Qtr 2,6,June
20200630,20200630,2020-06-30,202006,Qtr 2,6,June
20200701,20200701,2020-07-01,202007,Qtr 2,7,July
20200702,20200702,2020-07-02,202007,Qtr 2,7,July
20200703,20200703,2020-07-03,202007,Qtr 2,7,July
20200704,20200704,2020-07-04,202007,Qtr 2,7,July
20200705,20200705,2020-07-05,202007,Qtr 2,7,July
20200706,20200706,2020-07-06,202007,Qtr 2,7,July
20200707,20200707,2020-07-07,202007,Qtr 2,7,July
20200708,20200708,2020-07-08,202007,Qtr 2,7,July
20200709,20200709,2020-07-09,202007,Qtr 2,7,July
20200710,20200710,2020-07-10,202007,Qtr 2,7,July
20200711,20200711,2020-07-11,202007,Qtr 2,7,July
20200712,20200712,2020-07-12,202007,Qtr 2,7,July
20200713,20200713,2020-07-13,202007,Qtr 2,7,July
20200714,20200714,2020-07-14,202007,Qtr 2,7,July
20200715,20200715,2020-07-15,202007,Qtr 2,7,July
20200716,20200716,2020-07-16,202007,Qtr 2,7,July
20200717,20200717,2020-07-17,202007,Qtr 2,7,July
20200718,20200718,2020-07-18,202007,Qtr 2,7,July
20200719,20200719,2020-07-19,202007,Qtr 2,7,July
20200720,20200720,2020-07-20,202007,Qtr 2,7,July
20200721,20200721,2020-07-21,202007,Qtr 2,7,July
20200722,20200722,2020-07-22,202007,Qtr 2,7,July
20200723,20200723,2020-07-23,202007,Qtr 2,7,July
20200724,20200724,2020-07-24,202007,Qtr 2,7,July
20200725,20200725,2020-07-25,202007,Qtr 2,7,July
20200726,20200726,2020-07-26,202007,Qtr 2,7,July
20200727,20200727,2020-07-27,202007,Qtr 2,7,July
20200728,20200728,2020-07-28,202007,Qtr 2,7,July
20200729,20200729,2020-07-29,202007,Qtr 2,7,July
20200730,20200730,2020-07-30,202007,Qtr 2,7,July
20200731,20200731,2020-07-31,202007,Qtr 2,7,July
20200801,20200801,2020-08-01,202008,Qtr 3,8,August
20200802,20200802,2020-08-02,202008,Qtr 3,8,August
20200803,20200803,2020-08-03,202008,Qtr 3,8,August
20200804,20200804,2020-08-04,202008,Qtr 3,8,August
20200805,20200805,2020-08-05,202008,Qtr 3,8,August
20200806,20200806,2020-08-06,202008,Qtr 3,8,August
20200807,20200807,2020-08-07,202008,Qtr 3,8,August
20200808,20200808,2020-08-08,202008,Qtr 3,8,August
20200809,20200809,2020-08-09,202008,Qtr 3,8,August
20200810,20200810,2020-08-10,202008,Qtr 3,8,August
20200811,20200811,2020-08-11,202008,Qtr 3,8,August
20200812,20200812,2020-08-12,202008,Qtr 3,8,August
20200813,20200813,2020-08-13,202008,Qtr 3,8,August
20200814,20200814,2020-08-14,202008,Qtr 3,8,August
20200815,20200815,2020-08-15,202008,Qtr 3,8,August
20200816,20200816,2020-08-16,202008,Qtr 3,8,August
20200817,20200817,2020-08-17,202008,Qtr 3,8,August
20200818,20200818,2020-08-18,202008,Qtr 3,8,August
20200819,20200819,2020-08-19,202008,Qtr 3,8,August
20200820,20200820,2020-08-20,202008,Qtr 3,8,August
20200821,20200821,2020-08-21,202008,Qtr 3,8,August
20200822,20200822,2020-08-22,202008,Qtr 3,8,August
20200823,20200823,2020-08-23,202008,Qtr 3,8,August
20200824,20200824,2020-08-24,202008,Qtr 3,8,August
20200825,20200825,2020-08-25,202008,Qtr 3,8,August
20200826,20200826,2020-08-26,202008,Qtr 3,8,August
20200827,20200827,2020-08-27,202008,Qtr 3,8,August
20200828,20200828,2020-08-28,202008,Qtr 3,8,August
20200829,20200829,2020-08-29,202008,Qtr 3,8,August
20200830,20200830,2020-08-30,202008,Qtr 3,8,August
20200831,20200831,2020-08-31,202008,Qtr 3,8,August
20200901,20200901,2020-09-01,202009,Qtr 3,9,September
20200902,20200902,2020-09-02,202009,Qtr 3,9,September
20200903,20200903,2020-09-03,202009,Qtr 3,9,September
20200904,20200904,2020-09-04,202009,Qtr 3,9,September
20200905,20200905,2020-09-05,202009,Qtr 3,9,September
20200906,20200906,2020-09-06,202009,Qtr 3,9,September
20200907,20200907,2020-09-07,202009,Qtr 3,9,September
20200908,20200908,2020-09-08,202009,Qtr 3,9,September
20200909,20200909,2020-09-09,202009,Qtr 3,9,September
20200910,20200910,2020-09-10,202009,Qtr 3,9,September
20200911,20200911,2020-09-11,202009,Qtr 3,9,September
20200912,20200912,2020-09-12,202009,Qtr 3,9,September
20200913,20200913,2020-09-13,202009,Qtr 3,9,September
20200914,20200914,2020-09-14,202009,Qtr 3,9,September
20200915,20200915,2020-09-15,202009,Qtr 3,9,September
20200916,20200916,2020-09-16,202009,Qtr 3,9,September
20200917,20200917,2020-09-17,202009,Qtr 3,9,September
20200918,20200918,2020-09-18,202009,Qtr 3,9,September
20200919,20200919,2020-09-19,202009,Qtr 3,9,September
20200920,20200920,2020-09-20,202009,Qtr 3,9,September
20200921,20200921,2020-09-21,202009,Qtr 3,9,September
20200922,20200922,2020-09-22,202009,Qtr 3,9,September
20200923,20200923,2020-09-23,202009,Qtr 3,9,September
20200924,20200924,2020-09-24,202009,Qtr 3,9,September
20200925,20200925,2020-09-25,202009,Qtr 3,9,September
20200926,20200926,2020-09-26,202009,Qtr 3,9,September
20200927,20200927,2020-09-27,202009,Qtr 3,9,September
20200928,20200928,2020-09-28,202009,Qtr 3,9,September
20200929,20200929,2020-09-29,202009,Qtr 3,9,September
20200930,20200930,2020-09-30,202009,Qtr 3,9,September
20201001,20201001,2020-10-01,202010,Qtr 3,10,October
20201002,20201002,2020-10-02,202010,Qtr 3,10,October
20201003,20201003,2020-10-03,202010,Qtr 3,10,October
20201004,20201004,2020-10-04,202010,Qtr 3,10,October
20201005,20201005,2020-10-05,202010,Qtr 3,10,October
20201006,20201006,2020-10-06,202010,Qtr 3,10,October
20201007,20201007,2020-10-07,202010,Qtr 3,10,October
20201008,20201008,2020-10-08,202010,Qtr 3,10,October
20201009,20201009,2020-10-09,202010,Qtr 3,10,October
20201010,20201010,2020-10-10,202010,Qtr 3,10,October
20201011,20201011,2020-10-11,202010,Qtr 3,10,October
20201012,20201012,2020-10-12,202010,Qtr 3,10,October
20201013,20201013,2020-10-13,202010,Qtr 3,10,October
20201014,20201014,2020-10-14,202010,Qtr 3,10,October
20201015,20201015,2020-10-15,202010,Qtr 3,10,October
20201016,20201016,2020-10-16,202010,Qtr 3,10,October
20201017,20201017,2020-10-17,202010,Qtr 3,10,October
20201018,20201018,2020-10-18,202010,Qtr 3,10,October
20201019,20201019,2020-10-19,202010,Qtr 3,10,October
20201020,20201020,2020-10-20,202010,Qtr 3,10,October
20201021,20201021,2020-10-21,202010,Qtr 3,10,October
20201022,20201022,2020-10-22,202010,Qtr 3,10,October
20201023,20201023,2020-10-23,202010,Qtr 3,10,October
20201024,20201024,2020-10-24,202010,Qtr 3,10,October
20201025,20201025,2020-10-25,202010,Qtr 3,10,October
20201026,20201026,2020-10-26,202010,Qtr 3,10,October
20201027,20201027,2020-10-27,202010,Qtr 3,10,October
20201028,20201028,2020-10-28,202010,Qtr 3,10,October
20201029,20201029,2020-10-29,202010,Qtr 3,10,October
20201030,20201030,2020-10-30,202010,Qtr 3,10,October
20201031,20201031,2020-10-31,202010,Qtr 3,10,October
20201101,20201101,2020-11-01,202011,Qtr 4,11,November
20201102,20201102,2020-11-02,202011,Qtr 4,11,November
20201103,20201103,2020-11-03,202011,Qtr 4,11,November
20201104,20201104,2020-11-04,202011,Qtr 4,11,November
20201105,20201105,2020-11-05,202011,Qtr 4,11,November
20201106,20201106,2020-11-06,202011,Qtr 4,11,November
20201107,20201107,2020-11-07,202011,Qtr 4,11,November
20201108,20201108,2020-11-08,202011,Qtr 4,11,November
20201109,20201109,2020-11-09,202011,Qtr 4,11,November
20201110,20201110,2020-11-10,202011,Qtr 4,11,November
20201111,20201111,2020-11-11,202011,Qtr 4,11,November
20201112,20201112,2020-11-12,202011,Qtr 4,11,November
20201113,20201113,2020-11-13,202011,Qtr 4,11,November
20201114,20201114,2020-11-14,202011,Qtr 4,11,November
20201115,20201115,2020-11-15,202011,Qtr 4,11,November
20201116,20201116,2020-11-16,202011,Qtr 4,11,November
20201117,20201117,2020-11-17,202011,Qtr 4,11,November
20201118,20201118,2020-11-18,202011,Qtr 4,11,November
20201119,20201119,2020-11-19,202011,Qtr 4,11,November
20201120,20201120,2020-11-20,202011,Qtr 4,11,November
20201121,20201121,2020-11-21,202011,Qtr 4,11,November
20201122,20201122,2020-11-22,202011,Qtr 4,11,November
20201123,20201123,2020-11-23,202011,Qtr 4,11,November
20201124,20201124,2020-11-24,202011,Qtr 4,11,November
20201125,20201125,2020-11-25,202011,Qtr 4,11,November
20201126,20201126,2020-11-26,202011,Qtr 4,11,November
20201127,20201127,2020-11-27,202011,Qtr 4,11,November
20201128,20201128,2020-11-28,202011,Qtr 4,11,November
20201129,20201129,2020-11-29,202011,Qtr 4,11,November
20201130,20201130,2020-11-30,202011,Qtr 4,11,November
20201201,20201201,2020-12-01,202012,Qtr 4,12,December
20201202,20201202,2020-12-02,202012,Qtr 4,12,December
20201203,20201203,2020-12-03,202012,Qtr 4,12,December
20201204,20201204,2020-12-04,202012,Qtr 4,12,December
20201205,20201205,2020-12-05,202012,Qtr 4,12,December
20201206,20201206,2020-12-06,202012,Qtr 4,12,December
20201207,20201207,2020-12-07,202012,Qtr 4,12,December
20201208,20201208,2020-12-08,202012,Qtr 4,12,December
20201209,20201209,2020-12-09,202012,Qtr 4,12,December
20201210,20201210,2020-12-10,202012,Qtr 4,12,December
20201211,20201211,2020-12-11,202012,Qtr 4,12,December
20201212,20201212,2020-12-12,202012,Qtr 4,12,December
20201213,20201213,2020-12-13,202012,Qtr 4,12,December
20201214,20201214,2020-12-14,202012,Qtr 4,12,December
20201215,20201215,2020-12-15,202012,Qtr 4,12,December
20201216,20201216,2020-12-16,202012,Qtr 4,12,December
20201217,20201217,2020-12-17,202012,Qtr 4,12,December
20201218,20201218,2020-12-18,202012,Qtr 4,12,December
20201219,20201219,2020-12-19,202012,Qtr 4,12,December
20201220,20201220,2020-12-20,202012,Qtr 4,12,December
20201221,20201221,2020-12-21,202012,Qtr 4,12,December
20201222,20201222,2020-12-22,202012,Qtr 4,12,December
20201223,20201223,2020-12-23,202012,Qtr 4,12,December
20201224,20201224,2020-12-24,202012,Qtr 4,12,December
20201225,20201225,2020-12-25,202012,Qtr 4,12,December
20201226,20201226,2020-12-26,202012,Qtr 4,12,December
20201227,20201227,2020-12-27,202012,Qtr 4,12,December
20201228,20201228,2020-12-28,202012,Qtr 4,12,December
20201229,20201229,2020-12-29,202012,Qtr 4,12,December
20201230,20201230,2020-12-30,202012,Qtr 4,12,December
20201231,20201231,2020-12-31,202012,Qtr 4,12,December
20210101,20210101,2021-01-01,202101,Qtr 4,1,January
20210102,20210102,2021-01-02,202101,Qtr 4,1,January
20210103,20210103,2021-01-03,202101,Qtr 4,1,January
20210104,20210104,2021-01-04,202101,Qtr 4,1,January
20210105,20210105,2021-01-05,202101,Qtr 4,1,January
20210106,20210106,2021-01-06,202101,Qtr 4,1,January
20210107,20210107,2021-01-07,202101,Qtr 4,1,January
20210108,20210108,2021-01-08,202101,Qtr 4,1,January
20210109,20210109,2021-01-09,202101,Qtr 4,1,January
20210110,20210110,2021-01-10,202101,Qtr 4,1,January
20210111,20210111,2021-01-11,202101,Qtr 4,1,January
20210112,20210112,2021-01-12,202101,Qtr 4,1,January
20210113,20210113,2021-01-13,202101,Qtr 4,1,January
20210114,20210114,2021-01-14,202101,Qtr 4,1,January
20210115,20210115,2021-01-15,202101,Qtr 4,1,January
20210116,20210116,2021-01-16,202101,Qtr 4,1,January
20210117,20210117,2021-01-17,202101,Qtr 4,1,January
20210118,20210118,2021-01-18,202101,Qtr 4,1,January
20210119,20210119,2021-01-19,202101,Qtr 4,1,January
20210120,20210120,2021-01-20,202101,Qtr 4,1,January
20210121,20210121,2021-01-21,202101,Qtr 4,1,January
20210122,20210122,2021-01-22,202101,Qtr 4,1,January
20210123,20210123,2021-01-23,202101,Qtr 4,1,January
20210124,20210124,2021-01-24,202101,Qtr 4,1,January
20210125,20210125,2021-01-25,202101,Qtr 4,1,January
20210126,20210126,2021-01-26,202101,Qtr 4,1,January
20210127,20210127,2021-01-27,202101,Qtr 4,1,January
20210128,20210128,2021-01-28,202101,Qtr 4,1,January
20210129,20210129,2021-01-29,202101,Qtr 4,1,January
20210130,20210130,2021-01-30,202101,Qtr 4,1,January
20210131,20210131,2021-01-31,202101,Qtr 4,1,January
20210201,20210201,2021-02-01,202102,Qtr 1,2,February
20210202,20210202,2021-02-02,202102,Qtr 1,2,February
20210203,20210203,2021-02-03,202102,Qtr 1,2,February
20210204,20210204,2021-02-04,202102,Qtr 1,2,February
20210205,20210205,2021-02-05,202102,Qtr 1,2,February
20210206,20210206,2021-02-06,202102,Qtr 1,2,February
20210207,20210207,2021-02-07,202102,Qtr 1,2,February
20210208,20210208,2021-02-08,202102,Qtr 1,2,February
20210209,20210209,2021-02-09,202102,Qtr 1,2,February
20210210,20210210,2021-02-10,202102,Qtr 1,2,February
20210211,20210211,2021-02-11,202102,Qtr 1,2,February
20210212,20210212,2021-02-12,202102,Qtr 1,2,February
20210213,20210213,2021-02-13,202102,Qtr 1,2,February
20210214,20210214,2021-02-14,202102,Qtr 1,2,February
20210215,20210215,2021-02-15,202102,Qtr 1,2,February
20210216,20210216,2021-02-16,202102,Qtr 1,2,February
20210217,20210217,2021-02-17,202102,Qtr 1,2,February
20210218,20210218,2021-02-18,202102,Qtr 1,2,February
20210219,20210219,2021-02-19,202102,Qtr 1,2,February
20210220,20210220,2021-02-20,202102,Qtr 1,2,February
20210221,20210221,2021-02-21,202102,Qtr 1,2,February
20210222,20210222,2021-02-22,202102,Qtr 1,2,February
20210223,20210223,2021-02-23,202102,Qtr 1,2,February
20210224,20210224,2021-02-24,202102,Qtr 1,2,February
20210225,20210225,2021-02-25,202102,Qtr 1,2,February
20210226,20210226,2021-02-26,202102,Qtr 1,2,February
20210227,20210227,2021-02-27,202102,Qtr 1,2,February
20210228,20210228,2021-02-28,202102,Qtr 1,2,February
20210301,20210301,2021-03-01,202103,Qtr 1,3,March
20210302,20210302,2021-03-02,202103,Qtr 1,3,March
20210303,20210303,2021-03-03,202103,Qtr 1,3,March
20210304,20210304,2021-03-04,202103,Qtr 1,3,March
20210305,20210305,2021-03-05,202103,Qtr 1,3,March
20210306,20210306,2021-03-06,202103,Qtr 1,3,March
20210307,20210307,2021-03-07,202103,Qtr 1,3,March
20210308,20210308,2021-03-08,202103,Qtr 1,3,March
20210309,20210309,2021-03-09,202103,Qtr 1,3,March
20210310,20210310,2021-03-10,202103,Qtr 1,3,March
20210311,20210311,2021-03-11,202103,Qtr 1,3,March
20210312,20210312,2021-03-12,202103,Qtr 1,3,March
20210313,20210313,2021-03-13,202103,Qtr 1,3,March
20210314,20210314,2021-03-14,202103,Qtr 1,3,March
20210315,20210315,2021-03-15,202103,Qtr 1,3,March
20210316,20210316,2021-03-16,202103,Qtr 1,3,March
20210317,20210317,2021-03-17,202103,Qtr 1,3,March
20210318,20210318,2021-03-18,202103,Qtr 1,3,March
20210319,20210319,2021-03-19,202103,Qtr 1,3,March
20210320,20210320,2021-03-20,202103,Qtr 1,3,March
20210321,20210321,2021-03-21,202103,Qtr 1,3,March
20210322,20210322,2021-03-22,202103,Qtr 1,3,March
20210323,20210323,2021-03-23,202103,Qtr 1,3,March
20210324,20210324,2021-03-24,202103,Qtr 1,3,March
20210325,20210325,2021-03-25,202103,Qtr 1,3,March
20210326,20210326,2021-03-26,202103,Qtr 1,3,March
20210327,20210327,2021-03-27,202103,Qtr 1,3,March
20210328,20210328,2021-03-28,202103,Qtr 1,3,March
20210329,20210329,2021-03-29,202103,Qtr 1,3,March
20210330,20210330,2021-03-30,202103,Qtr 1,3,March
20210331,20210331,2021-03-31,202103,Qtr 1,3,March
20210401,20210401,2021-04-01,202104,Qtr 1,4,April
20210402,20210402,2021-04-02,202104,Qtr 1,4,April
20210403,20210403,2021-04-03,202104,Qtr 1,4,April
20210404,20210404,2021-04-04,202104,Qtr 1,4,April
20210405,20210405,2021-04-05,202104,Qtr 1,4,April
20210406,20210406,2021-04-06,202104,Qtr 1,4,April
20210407,20210407,2021-04-07,202104,Qtr 1,4,April
20210408,20210408,2021-04-08,202104,Qtr 1,4,April
20210409,20210409,2021-04-09,202104,Qtr 1,4,April
20210410,20210410,2021-04-10,202104,Qtr 1,4,April
20210411,20210411,2021-04-11,202104,Qtr 1,4,April
20210412,20210412,2021-04-12,202104,Qtr 1,4,April
20210413,20210413,2021-04-13,202104,Qtr 1,4,April
20210414,20210414,2021-04-14,202104,Qtr 1,4,April
20210415,20210415,2021-04-15,202104,Qtr 1,4,April
20210416,20210416,2021-04-16,202104,Qtr 1,4,April
20210417,20210417,2021-04-17,202104,Qtr 1,4,April
20210418,20210418,2021-04-18,202104,Qtr 1,4,April
20210419,20210419,2021-04-19,202104,Qtr 1,4,April
20210420,20210420,2021-04-20,202104,Qtr 1,4,April
20210421,20210421,2021-04-21,202104,Qtr 1,4,April
20210422,20210422,2021-04-22,202104,Qtr 1,4,April
20210423,20210423,2021-04-23,202104,Qtr 1,4,April
20210424,20210424,2021-04-24,202104,Qtr 1,4,April
20210425,20210425,2021-04-25,202104,Qtr 1,4,April
20210426,20210426,2021-04-26,202104,Qtr 1,4,April
20210427,20210427,2021-04-27,202104,Qtr 1,4,April
20210428,20210428,2021-04-28,202104,Qtr 1,4,April
20210429,20210429,2021-04-29,202104,Qtr 1,4,April
20210430,20210430,2021-04-30,202104,Qtr 1,4,April
20210501,20210501,2021-05-01,202105,Qtr 2,5,May
20210502,20210502,2021-05-02,202105,Qtr 2,5,May
20210503,20210503,2021-05-03,202105,Qtr 2,5,May
20210504,20210504,2021-05-04,202105,Qtr 2,5,May
20210505,20210505,2021-05-05,202105,Qtr 2,5,May
20210506,20210506,2021-05-06,202105,Qtr 2,5,May
20210507,20210507,2021-05-07,202105,Qtr 2,5,May
20210508,20210508,2021-05-08,202105,Qtr 2,5,May
20210509,20210509,2021-05-09,202105,Qtr 2,5,May
20210510,20210510,2021-05-10,202105,Qtr 2,5,May
20210511,20210511,2021-05-11,202105,Qtr 2,5,May
20210512,20210512,2021-05-12,202105,Qtr 2,5,May
20210513,20210513,2021-05-13,202105,Qtr 2,5,May
20210514,20210514,2021-05-14,202105,Qtr 2,5,May
20210515,20210515,2021-05-15,202105,Qtr 2,5,May
20210516,20210516,2021-05-16,202105,Qtr 2,5,May
20210517,20210517,2021-05-17,202105,Qtr 2,5,May
20210518,20210518,2021-05-18,202105,Qtr 2,5,May
20210519,20210519,2021-05-19,202105,Qtr 2,5,May
20210520,20210520,2021-05-20,202105,Qtr 2,5,May
20210521,20210521,2021-05-21,202105,Qtr 2,5,May
20210522,20210522,2021-05-22,202105,Qtr 2,5,May
20210523,20210523,2021-05-23,202105,Qtr 2,5,May
20210524,20210524,2021-05-24,202105,Qtr 2,5,May
20210525,20210525,2021-05-25,202105,Qtr 2,5,May
20210526,20210526,2021-05-26,202105,Qtr 2,5,May
20210527,20210527,2021-05-27,202105,Qtr 2,5,May
20210528,20210528,2021-05-28,202105,Qtr 2,5,May
20210529,20210529,2021-05-29,202105,Qtr 2,5,May
20210530,20210530,2021-05-30,202105,Qtr 2,5,May
20210531,20210531,2021-05-31,202105,Qtr 2,5,May
20210601,20210601,2021-06-01,202106,Qtr 2,6,June
20210602,20210602,2021-06-02,202106,Qtr 2,6,June
20210603,20210603,2021-06-03,202106,Qtr 2,6,June
20210604,20210604,2021-06-04,202106,Qtr 2,6,June
20210605,20210605,2021-06-05,202106,Qtr 2,6,June
20210606,20210606,2021-06-06,202106,Qtr 2,6,June
20210607,20210607,2021-06-07,202106,Qtr 2,6,June
20210608,20210608,2021-06-08,202106,Qtr 2,6,June
20210609,20210609,2021-06-09,202106,Qtr 2,6,June
20210610,20210610,2021-06-10,202106,Qtr 2,6,June
20210611,20210611,2021-06-11,202106,Qtr 2,6,June
20210612,20210612,2021-06-12,202106,Qtr 2,6,June
20210613,20210613,2021-06-13,202106,Qtr 2,6,June
20210614,20210614,2021-06-14,202106,Qtr 2,6,June
20210615,20210615,2021-06-15,202106,Qtr 2,6,June
20210616,20210616,2021-06-16,202106,Qtr 2,6,June
20210617,20210617,2021-06-17,202106,Qtr 2,6,June
20210618,20210618,2021-06-18,202106,Qtr 2,6,June
20210619,20210619,2021-06-19,202106,Qtr 2,6,June
20210620,20210620,2021-06-20,202106,Qtr 2,6,June
20210621,20210621,2021-06-21,202106,Qtr 2,6,June
20210622,20210622,2021-06-22,202106,Qtr 2,6,June
20210623,20210623,2021-06-23,202106,Qtr 2,6,June
20210624,20210624,2021-06-24,202106,Qtr 2,6,June
20210625,20210625,2021-06-25,202106,Qtr 2,6,June
20210626,20210626,2021-06-26,202106,Qtr 2,6,June
20210627,20210627,2021-06-27,202106,Qtr 2,6,June
20210628,20210628,2021-06-28,202106,Qtr 2,6,June
20210629,20210629,2021-06-29,202106,Qtr 2,6,June
20210630,20210630,2021-06-30,202106,Qtr 2,6,June
20210701,20210701,2021-07-01,202107,Qtr 2,7,July
20210702,20210702,2021-07-02,202107,Qtr 2,7,July
20210703,20210703,2021-07-03,202107,Qtr 2,7,July
20210704,20210704,2021-07-04,202107,Qtr 2,7,July
20210705,20210705,2021-07-05,202107,Qtr 2,7,July
20210706,20210706,2021-07-06,202107,Qtr 2,7,July
20210707,20210707,2021-07-07,202107,Qtr 2,7,July
20210708,20210708,2021-07-08,202107,Qtr 2,7,July
20210709,20210709,2021-07-09,202107,Qtr 2,7,July
20210710,20210710,2021-07-10,202107,Qtr 2,7,July
20210711,20210711,2021-07-11,202107,Qtr 2,7,July
20210712,20210712,2021-07-12,202107,Qtr 2,7,July
20210713,20210713,2021-07-13,202107,Qtr 2,7,July
20210714,20210714,2021-07-14,202107,Qtr 2,7,July
20210715,20210715,2021-07-15,202107,Qtr 2,7,July
20210716,20210716,2021-07-16,202107,Qtr 2,7,July
20210717,20210717,2021-07-17,202107,Qtr 2,7,July
20210718,20210718,2021-07-18,202107,Qtr 2,7,July
20210719,20210719,2021-07-19,202107,Qtr 2,7,July
20210720,20210720,2021-07-20,202107,Qtr 2,7,July
20210721,20210721,2021-07-21,202107,Qtr 2,7,July
20210722,20210722,2021-07-22,202107,Qtr 2,7,July
20210723,20210723,2021-07-23,202107,Qtr 2,7,July
20210724,20210724,2021-07-24,202107,Qtr 2,7,July
20210725,20210725,2021-07-25,202107,Qtr 2,7,July
20210726,20210726,2021-07-26,202107,Qtr 2,7,July
20210727,20210727,2021-07-27,202107,Qtr 2,7,July
20210728,20210728,2021-07-28,202107,Qtr 2,7,July
20210729,20210729,2021-07-29,202107,Qtr 2,7,July
20210730,20210730,2021-07-30,202107,Qtr 2,7,July
20210731,20210731,2021-07-31,202107,Qtr 2,7,July
20210801,20210801,2021-08-01,202108,Qtr 3,8,August
20210802,20210802,2021-08-02,202108,Qtr 3,8,August
20210803,20210803,2021-08-03,202108,Qtr 3,8,August
20210804,20210804,2021-08-04,202108,Qtr 3,8,August
20210805,20210805,2021-08-05,202108,Qtr 3,8,August
20210806,20210806,2021-08-06,202108,Qtr 3,8,August
20210807,20210807,2021-08-07,202108,Qtr 3,8,August
20210808,20210808,2021-08-08,202108,Qtr 3,8,August
20210809,20210809,2021-08-09,202108,Qtr 3,8,August
20210810,20210810,2021-08-10,202108,Qtr 3,8,August
20210811,20210811,2021-08-11,202108,Qtr 3,8,August
20210812,20210812,2021-08-12,202108,Qtr 3,8,August
20210813,20210813,2021-08-13,202108,Qtr 3,8,August
20210814,20210814,2021-08-14,202108,Qtr 3,8,August
20210815,20210815,2021-08-15,202108,Qtr 3,8,August
20210816,20210816,2021-08-16,202108,Qtr 3,8,August
20210817,20210817,2021-08-17,202108,Qtr 3,8,August
20210818,20210818,2021-08-18,202108,Qtr 3,8,August
20210819,20210819,2021-08-19,202108,Qtr 3,8,August
20210820,20210820,2021-08-20,202108,Qtr 3,8,August
20210821,20210821,2021-08-21,202108,Qtr 3,8,August
20210822,20210822,2021-08-22,202108,Qtr 3,8,August
20210823,20210823,2021-08-23,202108,Qtr 3,8,August
20210824,20210824,2021-08-24,202108,Qtr 3,8,August
20210825,20210825,2021-08-25,202108,Qtr 3,8,August
20210826,20210826,2021-08-26,202108,Qtr 3,8,August
20210827,20210827,2021-08-27,202108,Qtr 3,8,August
20210828,20210828,2021-08-28,202108,Qtr 3,8,August
20210829,20210829,2021-08-29,202108,Qtr 3,8,August
20210830,20210830,2021-08-30,202108,Qtr 3,8,August
20210831,20210831,2021-08-31,202108,Qtr 3,8,August
20210901,20210901,2021-09-01,202109,Qtr 3,9,September
20210902,20210902,2021-09-02,202109,Qtr 3,9,September
20210903,20210903,2021-09-03,202109,Qtr 3,9,September
20210904,20210904,2021-09-04,202109,Qtr 3,9,September
20210905,20210905,2021-09-05,202109,Qtr 3,9,September
20210906,20210906,2021-09-06,202109,Qtr 3,9,September
20210907,20210907,2021-09-07,202109,Qtr 3,9,September
20210908,20210908,2021-09-08,202109,Qtr 3,9,September
20210909,20210909,2021-09-09,202109,Qtr 3,9,September
20210910,20210910,2021-09-10,202109,Qtr 3,9,September
20210911,20210911,2021-09-11,202109,Qtr 3,9,September
20210912,20210912,2021-09-12,202109,Qtr 3,9,September
20210913,20210913,2021-09-13,202109,Qtr 3,9,September
20210914,20210914,2021-09-14,202109,Qtr 3,9,September
20210915,20210915,2021-09-15,202109,Qtr 3,9,September
20210916,20210916,2021-09-16,202109,Qtr 3,9,September
20210917,20210917,2021-09-17,202109,Qtr 3,9,September
20210918,20210918,2021-09-18,202109,Qtr 3,9,September
20210919,20210919,2021-09-19,202109,Qtr 3,9,September
20210920,20210920,2021-09-20,202109,Qtr 3,9,September
20210921,20210921,2021-09-21,202109,Qtr 3,9,September
20210922,20210922,2021-09-22,202109,Qtr 3,9,September
20210923,20210923,2021-09-23,202109,Qtr 3,9,September
20210924,20210924,2021-09-24,202109,Qtr 3,9,September
20210925,20210925,2021-09-25,202109,Qtr 3,9,September
20210926,20210926,2021-09-26,202109,Qtr 3,9,September
20210927,20210927,2021-09-27,202109,Qtr 3,9,September
20210928,20210928,2021-09-28,202109,Qtr 3,9,September
20210929,20210929,2021-09-29,202109,Qtr 3,9,September
20210930,20210930,2021-09-30,202109,Qtr 3,9,September
20211001,20211001,2021-10-01,202110,Qtr 3,10,October
20211002,20211002,2021-10-02,202110,Qtr 3,10,October
20211003,20211003,2021-10-03,202110,Qtr 3,10,October
20211004,20211004,2021-10-04,202110,Qtr 3,10,October
20211005,20211005,2021-10-05,202110,Qtr 3,10,October
20211006,20211006,2021-10-06,202110,Qtr 3,10,October
20211007,20211007,2021-10-07,202110,Qtr 3,10,October
20211008,20211008,2021-10-08,202110,Qtr 3,10,October
20211009,20211009,2021-10-09,202110,Qtr 3,10,October
20211010,20211010,2021-10-10,202110,Qtr 3,10,October
20211011,20211011,2021-10-11,202110,Qtr 3,10,October
20211012,20211012,2021-10-12,202110,Qtr 3,10,October
20211013,20211013,2021-10-13,202110,Qtr 3,10,October
20211014,20211014,2021-10-14,202110,Qtr 3,10,October
20211015,20211015,2021-10-15,202110,Qtr 3,10,October
20211016,20211016,2021-10-16,202110,Qtr 3,10,October
20211017,20211017,2021-10-17,202110,Qtr 3,10,October
20211018,20211018,2021-10-18,202110,Qtr 3,10,October
20211019,20211019,2021-10-19,202110,Qtr 3,10,October
20211020,20211020,2021-10-20,202110,Qtr 3,10,October
20211021,20211021,2021-10-21,202110,Qtr 3,10,October
20211022,20211022,2021-10-22,202110,Qtr 3,10,October
20211023,20211023,2021-10-23,202110,Qtr 3,10,October
20211024,20211024,2021-10-24,202110,Qtr 3,10,October
20211025,20211025,2021-10-25,202110,Qtr 3,10,October
20211026,20211026,2021-10-26,202110,Qtr 3,10,October
20211027,20211027,2021-10-27,202110,Qtr 3,10,October
20211028,20211028,2021-10-28,202110,Qtr 3,10,October
20211029,20211029,2021-10-29,202110,Qtr 3,10,October
20211030,20211030,2021-10-30,202110,Qtr 3,10,October
20211031,20211031,2021-10-31,202110,Qtr 3,10,October
20211101,20211101,2021-11-01,202111,Qtr 4,11,November
20211102,20211102,2021-11-02,202111,Qtr 4,11,November
20211103,20211103,2021-11-03,202111,Qtr 4,11,November
20211104,20211104,2021-11-04,202111,Qtr 4,11,November
20211105,20211105,2021-11-05,202111,Qtr 4,11,November
20211106,20211106,2021-11-06,202111,Qtr 4,11,November
20211107,20211107,2021-11-07,202111,Qtr 4,11,November
20211108,20211108,2021-11-08,202111,Qtr 4,11,November
20211109,20211109,2021-11-09,202111,Qtr 4,11,November
20211110,20211110,2021-11-10,202111,Qtr 4,11,November
20211111,20211111,2021-11-11,202111,Qtr 4,11,November
20211112,20211112,2021-11-12,202111,Qtr 4,11,November
20211113,20211113,2021-11-13,202111,Qtr 4,11,November
20211114,20211114,2021-11-14,202111,Qtr 4,11,November
20211115,20211115,2021-11-15,202111,Qtr 4,11,November
20211116,20211116,2021-11-16,202111,Qtr 4,11,November
20211117,20211117,2021-11-17,202111,Qtr 4,11,November
20211118,20211118,2021-11-18,202111,Qtr 4,11,November
20211119,20211119,2021-11-19,202111,Qtr 4,11,November
20211120,20211120,2021-11-20,202111,Qtr 4,11,November
20211121,20211121,2021-11-21,202111,Qtr 4,11,November
20211122,20211122,2021-11-22,202111,Qtr 4,11,November
20211123,20211123,2021-11-23,202111,Qtr 4,11,November
20211124,20211124,2021-11-24,202111,Qtr 4,11,November
20211125,20211125,2021-11-25,202111,Qtr 4,11,November
20211126,20211126,2021-11-26,202111,Qtr 4,11,November
20211127,20211127,2021-11-27,202111,Qtr 4,11,November
20211128,20211128,2021-11-28,202111,Qtr 4,11,November
20211129,20211129,2021-11-29,202111,Qtr 4,11,November
20211130,20211130,2021-11-30,202111,Qtr 4,11,November
20211201,20211201,2021-12-01,202112,Qtr 4,12,December
20211202,20211202,2021-12-02,202112,Qtr 4,12,December
20211203,20211203,2021-12-03,202112,Qtr 4,12,December
20211204,20211204,2021-12-04,202112,Qtr 4,12,December
20211205,20211205,2021-12-05,202112,Qtr 4,12,December
20211206,20211206,2021-12-06,202112,Qtr 4,12,December
20211207,20211207,2021-12-07,202112,Qtr 4,12,December
20211208,20211208,2021-12-08,202112,Qtr 4,12,December
20211209,20211209,2021-12-09,202112,Qtr 4,12,December
20211210,20211210,2021-12-10,202112,Qtr 4,12,December
20211211,20211211,2021-12-11,202112,Qtr 4,12,December
20211212,20211212,2021-12-12,202112,Qtr 4,12,December
20211213,20211213,2021-12-13,202112,Qtr 4,12,December
20211214,20211214,2021-12-14,202112,Qtr 4,12,December
20211215,20211215,2021-12-15,202112,Qtr 4,12,December
20211216,20211216,2021-12-16,202112,Qtr 4,12,December
20211217,20211217,2021-12-17,202112,Qtr 4,12,December
20211218,20211218,2021-12-18,202112,Qtr 4,12,December
20211219,20211219,2021-12-19,202112,Qtr 4,12,December
20211220,20211220,2021-12-20,202112,Qtr 4,12,December
20211221,20211221,2021-12-21,202112,Qtr 4,12,December
20211222,20211222,2021-12-22,202112,Qtr 4,12,December
20211223,20211223,2021-12-23,202112,Qtr 4,12,December
20211224,20211224,2021-12-24,202112,Qtr 4,12,December
20211225,20211225,2021-12-25,202112,Qtr 4,12,December
20211226,20211226,2021-12-26,202112,Qtr 4,12,December
20211227,20211227,2021-12-27,202112,Qtr 4,12,December
20211228,20211228,2021-12-28,202112,Qtr 4,12,December
20211229,20211229,2021-12-29,202112,Qtr 4,12,December
20211230,20211230,2021-12-30,202112,Qtr 4,12,December
20211231,20211231,2021-12-31,202112,Qtr 4,12,December
20220101,20220101,2022-01-01,202201,Qtr 4,1,January
20220102,20220102,2022-01-02,202201,Qtr 4,1,January
20220103,20220103,2022-01-03,202201,Qtr 4,1,January
20220104,20220104,2022-01-04,202201,Qtr 4,1,January
20220105,20220105,2022-01-05,202201,Qtr 4,1,January
20220106,20220106,2022-01-06,202201,Qtr 4,1,January
20220107,20220107,2022-01-07,202201,Qtr 4,1,January
20220108,20220108,2022-01-08,202201,Qtr 4,1,January
20220109,20220109,2022-01-09,202201,Qtr 4,1,January
20220110,20220110,2022-01-10,202201,Qtr 4,1,January
20220111,20220111,2022-01-11,202201,Qtr 4,1,January
20220112,20220112,2022-01-12,202201,Qtr 4,1,January
20220113,20220113,2022-01-13,202201,Qtr 4,1,January
20220114,20220114,2022-01-14,202201,Qtr 4,1,January
20220115,20220115,2022-01-15,202201,Qtr 4,1,January
20220116,20220116,2022-01-16,202201,Qtr 4,1,January
20220117,20220117,2022-01-17,202201,Qtr 4,1,January
20220118,20220118,2022-01-18,202201,Qtr 4,1,January
20220119,20220119,2022-01-19,202201,Qtr 4,1,January
20220120,20220120,2022-01-20,202201,Qtr 4,1,January
20220121,20220121,2022-01-21,202201,Qtr 4,1,January
20220122,20220122,2022-01-22,202201,Qtr 4,1,January
20220123,20220123,2022-01-23,202201,Qtr 4,1,January
20220124,20220124,2022-01-24,202201,Qtr 4,1,January
20220125,20220125,2022-01-25,202201,Qtr 4,1,January
20220126,20220126,2022-01-26,202201,Qtr 4,1,January
20220127,20220127,2022-01-27,202201,Qtr 4,1,January
20220128,20220128,2022-01-28,202201,Qtr 4,1,January
20220129,20220129,2022-01-29,202201,Qtr 4,1,January
20220130,20220130,2022-01-30,202201,Qtr 4,1,January
20220131,20220131,2022-01-31,202201,Qtr 4,1,January
20220201,20220201,2022-02-01,202202,Qtr 1,2,February
20220202,20220202,2022-02-02,202202,Qtr 1,2,February
20220203,20220203,2022-02-03,202202,Qtr 1,2,February
20220204,20220204,2022-02-04,202202,Qtr 1,2,February
20220205,20220205,2022-02-05,202202,Qtr 1,2,February
20220206,20220206,2022-02-06,202202,Qtr 1,2,February
20220207,20220207,2022-02-07,202202,Qtr 1,2,February
20220208,20220208,2022-02-08,202202,Qtr 1,2,February
20220209,20220209,2022-02-09,202202,Qtr 1,2,February
20220210,20220210,2022-02-10,202202,Qtr 1,2,February
20220211,20220211,2022-02-11,202202,Qtr 1,2,February
20220212,20220212,2022-02-12,202202,Qtr 1,2,February
20220213,20220213,2022-02-13,202202,Qtr 1,2,February
20220214,20220214,2022-02-14,202202,Qtr 1,2,February
20220215,20220215,2022-02-15,202202,Qtr 1,2,February
20220216,20220216,2022-02-16,202202,Qtr 1,2,February
20220217,20220217,2022-02-17,202202,Qtr 1,2,February
20220218,20220218,2022-02-18,202202,Qtr 1,2,February
20220219,20220219,2022-02-19,202202,Qtr 1,2,February
20220220,20220220,2022-02-20,202202,Qtr 1,2,February
20220221,20220221,2022-02-21,202202,Qtr 1,2,February
20220222,20220222,2022-02-22,202202,Qtr 1,2,February
20220223,20220223,2022-02-23,202202,Qtr 1,2,February
20220224,20220224,2022-02-24,202202,Qtr 1,2,February
20220225,20220225,2022-02-25,202202,Qtr 1,2,February
20220226,20220226,2022-02-26,202202,Qtr 1,2,February
20220227,20220227,2022-02-27,202202,Qtr 1,2,February
20220228,20220228,2022-02-28,202202,Qtr 1,2,February
20220301,20220301,2022-03-01,202203,Qtr 1,3,March
20220302,20220302,2022-03-02,202203,Qtr 1,3,March
20220303,20220303,2022-03-03,202203,Qtr 1,3,March
20220304,20220304,2022-03-04,202203,Qtr 1,3,March
20220305,20220305,2022-03-05,202203,Qtr 1,3,March
20220306,20220306,2022-03-06,202203,Qtr 1,3,March
20220307,20220307,2022-03-07,202203,Qtr 1,3,March
20220308,20220308,2022-03-08,202203,Qtr 1,3,March
20220309,20220309,2022-03-09,202203,Qtr 1,3,March
20220310,20220310,2022-03-10,202203,Qtr 1,3,March
20220311,20220311,2022-03-11,202203,Qtr 1,3,March
20220312,20220312,2022-03-12,202203,Qtr 1,3,March
20220313,20220313,2022-03-13,202203,Qtr 1,3,March
20220314,20220314,2022-03-14,202203,Qtr 1,3,March
20220315,20220315,2022-03-15,202203,Qtr 1,3,March
20220316,20220316,2022-03-16,202203,Qtr 1,3,March
20220317,20220317,2022-03-17,202203,Qtr 1,3,March
20220318,20220318,2022-03-18,202203,Qtr 1,3,March
20220319,20220319,2022-03-19,202203,Qtr 1,3,March
20220320,20220320,2022-03-20,202203,Qtr 1,3,March
20220321,20220321,2022-03-21,202203,Qtr 1,3,March
20220322,20220322,2022-03-22,202203,Qtr 1,3,March
20220323,20220323,2022-03-23,202203,Qtr 1,3,March
20220324,20220324,2022-03-24,202203,Qtr 1,3,March
20220325,20220325,2022-03-25,202203,Qtr 1,3,March
20220326,20220326,2022-03-26,202203,Qtr 1,3,March
20220327,20220327,2022-03-27,202203,Qtr 1,3,March
20220328,20220328,2022-03-28,202203,Qtr 1,3,March
20220329,20220329,2022-03-29,202203,Qtr 1,3,March
20220330,20220330,2022-03-30,202203,Qtr 1,3,March
20220331,20220331,2022-03-31,202203,Qtr 1,3,March
20220401,20220401,2022-04-01,202204,Qtr 1,4,April
20220402,20220402,2022-04-02,202204,Qtr 1,4,April
20220403,20220403,2022-04-03,202204,Qtr 1,4,April
20220404,20220404,2022-04-04,202204,Qtr 1,4,April
20220405,20220405,2022-04-05,202204,Qtr 1,4,April
20220406,20220406,2022-04-06,202204,Qtr 1,4,April
20220407,20220407,2022-04-07,202204,Qtr 1,4,April
20220408,20220408,2022-04-08,202204,Qtr 1,4,April
20220409,20220409,2022-04-09,202204,Qtr 1,4,April
20220410,20220410,2022-04-10,202204,Qtr 1,4,April
20220411,20220411,2022-04-11,202204,Qtr 1,4,April
20220412,20220412,2022-04-12,202204,Qtr 1,4,April
20220413,20220413,2022-04-13,202204,Qtr 1,4,April
20220414,20220414,2022-04-14,202204,Qtr 1,4,April
20220415,20220415,2022-04-15,202204,Qtr 1,4,April
20220416,20220416,2022-04-16,202204,Qtr 1,4,April
20220417,20220417,2022-04-17,202204,Qtr 1,4,April
20220418,20220418,2022-04-18,202204,Qtr 1,4,April
20220419,20220419,2022-04-19,202204,Qtr 1,4,April
20220420,20220420,2022-04-20,202204,Qtr 1,4,April
20220421,20220421,2022-04-21,202204,Qtr 1,4,April
20220422,20220422,2022-04-22,202204,Qtr 1,4,April
20220423,20220423,2022-04-23,202204,Qtr 1,4,April
20220424,20220424,2022-04-24,202204,Qtr 1,4,April
20220425,20220425,2022-04-25,202204,Qtr 1,4,April
20220426,20220426,2022-04-26,202204,Qtr 1,4,April
20220427,20220427,2022-04-27,202204,Qtr 1,4,April
20220428,20220428,2022-04-28,202204,Qtr 1,4,April
20220429,20220429,2022-04-29,202204,Qtr 1,4,April
20220430,20220430,2022-04-30,202204,Qtr 1,4,April
20220501,20220501,2022-05-01,202205,Qtr 2,5,May
20220502,20220502,2022-05-02,202205,Qtr 2,5,May
20220503,20220503,2022-05-03,202205,Qtr 2,5,May
20220504,20220504,2022-05-04,202205,Qtr 2,5,May
20220505,20220505,2022-05-05,202205,Qtr 2,5,May
20220506,20220506,2022-05-06,202205,Qtr 2,5,May
20220507,20220507,2022-05-07,202205,Qtr 2,5,May
20220508,20220508,2022-05-08,202205,Qtr 2,5,May
20220509,20220509,2022-05-09,202205,Qtr 2,5,May
20220510,20220510,2022-05-10,202205,Qtr 2,5,May
20220511,20220511,2022-05-11,202205,Qtr 2,5,May
20220512,20220512,2022-05-12,202205,Qtr 2,5,May
20220513,20220513,2022-05-13,202205,Qtr 2,5,May
20220514,20220514,2022-05-14,202205,Qtr 2,5,May
20220515,20220515,2022-05-15,202205,Qtr 2,5,May
20220516,20220516,2022-05-16,202205,Qtr 2,5,May
20220517,20220517,2022-05-17,202205,Qtr 2,5,May
20220518,20220518,2022-05-18,202205,Qtr 2,5,May
20220519,20220519,2022-05-19,202205,Qtr 2,5,May
20220520,20220520,2022-05-20,202205,Qtr 2,5,May
20220521,20220521,2022-05-21,202205,Qtr 2,5,May
20220522,20220522,2022-05-22,202205,Qtr 2,5,May
20220523,20220523,2022-05-23,202205,Qtr 2,5,May
20220524,20220524,2022-05-24,202205,Qtr 2,5,May
20220525,20220525,2022-05-25,202205,Qtr 2,5,May
20220526,20220526,2022-05-26,202205,Qtr 2,5,May
20220527,20220527,2022-05-27,202205,Qtr 2,5,May
20220528,20220528,2022-05-28,202205,Qtr 2,5,May
20220529,20220529,2022-05-29,202205,Qtr 2,5,May
20220530,20220530,2022-05-30,202205,Qtr 2,5,May
20220531,20220531,2022-05-31,202205,Qtr 2,5,May
20220601,20220601,2022-06-01,202206,Qtr 2,6,June
20220602,20220602,2022-06-02,202206,Qtr 2,6,June
20220603,20220603,2022-06-03,202206,Qtr 2,6,June
20220604,20220604,2022-06-04,202206,Qtr 2,6,June
20220605,20220605,2022-06-05,202206,Qtr 2,6,June
20220606,20220606,2022-06-06,202206,Qtr 2,6,June
20220607,20220607,2022-06-07,202206,Qtr 2,6,June
20220608,20220608,2022-06-08,202206,Qtr 2,6,June
20220609,20220609,2022-06-09,202206,Qtr 2,6,June
20220610,20220610,2022-06-10,202206,Qtr 2,6,June
20220611,20220611,2022-06-11,202206,Qtr 2,6,June
20220612,20220612,2022-06-12,202206,Qtr 2,6,June
20220613,20220613,2022-06-13,202206,Qtr 2,6,June
20220614,20220614,2022-06-14,202206,Qtr 2,6,June
20220615,20220615,2022-06-15,202206,Qtr 2,6,June
20220616,20220616,2022-06-16,202206,Qtr 2,6,June
20220617,20220617,2022-06-17,202206,Qtr 2,6,June
20220618,20220618,2022-06-18,202206,Qtr 2,6,June
20220619,20220619,2022-06-19,202206,Qtr 2,6,June
20220620,20220620,2022-06-20,202206,Qtr 2,6,June
20220621,20220621,2022-06-21,202206,Qtr 2,6,June
20220622,20220622,2022-06-22,202206,Qtr 2,6,June
20220623,20220623,2022-06-23,202206,Qtr 2,6,June
20220624,20220624,2022-06-24,202206,Qtr 2,6,June
20220625,20220625,2022-06-25,202206,Qtr 2,6,June
20220626,20220626,2022-06-26,202206,Qtr 2,6,June
20220627,20220627,2022-06-27,202206,Qtr 2,6,June
20220628,20220628,2022-06-28,202206,Qtr 2,6,June
20220629,20220629,2022-06-29,202206,Qtr 2,6,June
20220630,20220630,2022-06-30,202206,Qtr 2,6,June
20220701,20220701,2022-07-01,202207,Qtr 2,7,July
20220702,20220702,2022-07-02,202207,Qtr 2,7,July
20220703,20220703,2022-07-03,202207,Qtr 2,7,July
20220704,20220704,2022-07-04,202207,Qtr 2,7,July
20220705,20220705,2022-07-05,202207,Qtr 2,7,July
20220706,20220706,2022-07-06,202207,Qtr 2,7,July
20220707,20220707,2022-07-07,202207,Qtr 2,7,July
20220708,20220708,2022-07-08,202207,Qtr 2,7,July
20220709,20220709,2022-07-09,202207,Qtr 2,7,July
20220710,20220710,2022-07-10,202207,Qtr 2,7,July
20220711,20220711,2022-07-11,202207,Qtr 2,7,July
20220712,20220712,2022-07-12,202207,Qtr 2,7,July
20220713,20220713,2022-07-13,202207,Qtr 2,7,July
20220714,20220714,2022-07-14,202207,Qtr 2,7,July
20220715,20220715,2022-07-15,202207,Qtr 2,7,July
20220716,20220716,2022-07-16,202207,Qtr 2,7,July
20220717,20220717,2022-07-17,202207,Qtr 2,7,July
20220718,20220718,2022-07-18,202207,Qtr 2,7,July
20220719,20220719,2022-07-19,202207,Qtr 2,7,July
20220720,20220720,2022-07-20,202207,Qtr 2,7,July
20220721,20220721,2022-07-21,202207,Qtr 2,7,July
20220722,20220722,2022-07-22,202207,Qtr 2,7,July
20220723,20220723,2022-07-23,202207,Qtr 2,7,July
20220724,20220724,2022-07-24,202207,Qtr 2,7,July
20220725,20220725,2022-07-25,202207,Qtr 2,7,July
20220726,20220726,2022-07-26,202207,Qtr 2,7,July
20220727,20220727,2022-07-27,202207,Qtr 2,7,July
20220728,20220728,2022-07-28,202207,Qtr 2,7,July
20220729,20220729,2022-07-29,202207,Qtr 2,7,July
20220730,20220730,2022-07-30,202207,Qtr 2,7,July
20220731,20220731,2022-07-31,202207,Qtr 2,7,July
20220801,20220801,2022-08-01,202208,Qtr 3,8,August
20220802,20220802,2022-08-02,202208,Qtr 3,8,August
20220803,20220803,2022-08-03,202208,Qtr 3,8,August
20220804,20220804,2022-08-04,202208,Qtr 3,8,August
20220805,20220805,2022-08-05,202208,Qtr 3,8,August
20220806,20220806,2022-08-06,202208,Qtr 3,8,August
20220807,20220807,2022-08-07,202208,Qtr 3,8,August
20220808,20220808,2022-08-08,202208,Qtr 3,8,August
20220809,20220809,2022-08-09,202208,Qtr 3,8,August
20220810,20220810,2022-08-10,202208,Qtr 3,8,August
20220811,20220811,2022-08-11,202208,Qtr 3,8,August
20220812,20220812,2022-08-12,202208,Qtr 3,8,August
20220813,20220813,2022-08-13,202208,Qtr 3,8,August
20220814,20220814,2022-08-14,202208,Qtr 3,8,August
20220815,20220815,2022-08-15,202208,Qtr 3,8,August
20220816,20220816,2022-08-16,202208,Qtr 3,8,August
20220817,20220817,2022-08-17,202208,Qtr 3,8,August
20220818,20220818,2022-08-18,202208,Qtr 3,8,August
20220819,20220819,2022-08-19,202208,Qtr 3,8,August
20220820,20220820,2022-08-20,202208,Qtr 3,8,August
20220821,20220821,2022-08-21,202208,Qtr 3,8,August
20220822,20220822,2022-08-22,202208,Qtr 3,8,August
20220823,20220823,2022-08-23,202208,Qtr 3,8,August
20220824,20220824,2022-08-24,202208,Qtr 3,8,August
20220825,20220825,2022-08-25,202208,Qtr 3,8,August
20220826,20220826,2022-08-26,202208,Qtr 3,8,August
20220827,20220827,2022-08-27,202208,Qtr 3,8,August
20220828,20220828,2022-08-28,202208,Qtr 3,8,August
20220829,20220829,2022-08-29,202208,Qtr 3,8,August
20220830,20220830,2022-08-30,202208,Qtr 3,8,August
20220831,20220831,2022-08-31,202208,Qtr 3,8,August
20220901,20220901,2022-09-01,202209,Qtr 3,9,September
20220902,20220902,2022-09-02,202209,Qtr 3,9,September
20220903,20220903,2022-09-03,202209,Qtr 3,9,September
20220904,20220904,2022-09-04,202209,Qtr 3,9,September
20220905,20220905,2022-09-05,202209,Qtr 3,9,September
20220906,20220906,2022-09-06,202209,Qtr 3,9,September
20220907,20220907,2022-09-07,202209,Qtr 3,9,September
20220908,20220908,2022-09-08,202209,Qtr 3,9,September
20220909,20220909,2022-09-09,202209,Qtr 3,9,September
20220910,20220910,2022-09-10,202209,Qtr 3,9,September
20220911,20220911,2022-09-11,202209,Qtr 3,9,September
20220912,20220912,2022-09-12,202209,Qtr 3,9,September
20220913,20220913,2022-09-13,202209,Qtr 3,9,September
20220914,20220914,2022-09-14,202209,Qtr 3,9,September
20220915,20220915,2022-09-15,202209,Qtr 3,9,September
20220916,20220916,2022-09-16,202209,Qtr 3,9,September
20220917,20220917,2022-09-17,202209,Qtr 3,9,September
20220918,20220918,2022-09-18,202209,Qtr 3,9,September
20220919,20220919,2022-09-19,202209,Qtr 3,9,September
20220920,20220920,2022-09-20,202209,Qtr 3,9,September
20220921,20220921,2022-09-21,202209,Qtr 3,9,September
20220922,20220922,2022-09-22,202209,Qtr 3,9,September
20220923,20220923,2022-09-23,202209,Qtr 3,9,September
20220924,20220924,2022-09-24,202209,Qtr 3,9,September
20220925,20220925,2022-09-25,202209,Qtr 3,9,September
20220926,20220926,2022-09-26,202209,Qtr 3,9,September
20220927,20220927,2022-09-27,202209,Qtr 3,9,September
20220928,20220928,2022-09-28,202209,Qtr 3,9,September
20220929,20220929,2022-09-29,202209,Qtr 3,9,September
20220930,20220930,2022-09-30,202209,Qtr 3,9,September
20221001,20221001,2022-10-01,202210,Qtr 3,10,October
20221002,20221002,2022-10-02,202210,Qtr 3,10,October
20221003,20221003,2022-10-03,202210,Qtr 3,10,October
20221004,20221004,2022-10-04,202210,Qtr 3,10,October
20221005,20221005,2022-10-05,202210,Qtr 3,10,October
20221006,20221006,2022-10-06,202210,Qtr 3,10,October
20221007,20221007,2022-10-07,202210,Qtr 3,10,October
20221008,20221008,2022-10-08,202210,Qtr 3,10,October
20221009,20221009,2022-10-09,202210,Qtr 3,10,October
20221010,20221010,2022-10-10,202210,Qtr 3,10,October
20221011,20221011,2022-10-11,202210,Qtr 3,10,October
20221012,20221012,2022-10-12,202210,Qtr 3,10,October
20221013,20221013,2022-10-13,202210,Qtr 3,10,October
20221014,20221014,2022-10-14,202210,Qtr 3,10,October
20221015,20221015,2022-10-15,202210,Qtr 3,10,October
20221016,20221016,2022-10-16,202210,Qtr 3,10,October
20221017,20221017,2022-10-17,202210,Qtr 3,10,October
20221018,20221018,2022-10-18,202210,Qtr 3,10,October
20221019,20221019,2022-10-19,202210,Qtr 3,10,October
20221020,20221020,2022-10-20,202210,Qtr 3,10,October
20221021,20221021,2022-10-21,202210,Qtr 3,10,October
20221022,20221022,2022-10-22,202210,Qtr 3,10,October
20221023,20221023,2022-10-23,202210,Qtr 3,10,October
20221024,20221024,2022-10-24,202210,Qtr 3,10,October
20221025,20221025,2022-10-25,202210,Qtr 3,10,October
20221026,20221026,2022-10-26,202210,Qtr 3,10,October
20221027,20221027,2022-10-27,202210,Qtr 3,10,October
20221028,20221028,2022-10-28,202210,Qtr 3,10,October
20221029,20221029,2022-10-29,202210,Qtr 3,10,October
20221030,20221030,2022-10-30,202210,Qtr 3,10,October
20221031,20221031,2022-10-31,202210,Qtr 3,10,October
20221101,20221101,2022-11-01,202211,Qtr 4,11,November
20221102,20221102,2022-11-02,202211,Qtr 4,11,November
20221103,20221103,2022-11-03,202211,Qtr 4,11,November
20221104,20221104,2022-11-04,202211,Qtr 4,11,November
20221105,20221105,2022-11-05,202211,Qtr 4,11,November
20221106,20221106,2022-11-06,202211,Qtr 4,11,November
20221107,20221107,2022-11-07,202211,Qtr 4,11,November
20221108,20221108,2022-11-08,202211,Qtr 4,11,November
20221109,20221109,2022-11-09,202211,Qtr 4,11,November
20221110,20221110,2022-11-10,202211,Qtr 4,11,November
20221111,20221111,2022-11-11,202211,Qtr 4,11,November
20221112,20221112,2022-11-12,202211,Qtr 4,11,November
20221113,20221113,2022-11-13,202211,Qtr 4,11,November
20221114,20221114,2022-11-14,202211,Qtr 4,11,November
20221115,20221115,2022-11-15,202211,Qtr 4,11,November
20221116,20221116,2022-11-16,202211,Qtr 4,11,November
20221117,20221117,2022-11-17,202211,Qtr 4,11,November
20221118,20221118,2022-11-18,202211,Qtr 4,11,November
20221119,20221119,2022-11-19,202211,Qtr 4,11,November
20221120,20221120,2022-11-20,202211,Qtr 4,11,November
20221121,20221121,2022-11-21,202211,Qtr 4,11,November
20221122,20221122,2022-11-22,202211,Qtr 4,11,November
20221123,20221123,2022-11-23,202211,Qtr 4,11,November
20221124,20221124,2022-11-24,202211,Qtr 4,11,November
20221125,20221125,2022-11-25,202211,Qtr 4,11,November
20221126,20221126,2022-11-26,202211,Qtr 4,11,November
20221127,20221127,2022-11-27,202211,Qtr 4,11,November
20221128,20221128,2022-11-28,202211,Qtr 4,11,November
20221129,20221129,2022-11-29,202211,Qtr 4,11,November
20221130,20221130,2022-11-30,202211,Qtr 4,11,November
20221201,20221201,2022-12-01,202212,Qtr 4,12,December
20221202,20221202,2022-12-02,202212,Qtr 4,12,December
20221203,20221203,2022-12-03,202212,Qtr 4,12,December
20221204,20221204,2022-12-04,202212,Qtr 4,12,December
20221205,20221205,2022-12-05,202212,Qtr 4,12,December
20221206,20221206,2022-12-06,202212,Qtr 4,12,December
20221207,20221207,2022-12-07,202212,Qtr 4,12,December
20221208,20221208,2022-12-08,202212,Qtr 4,12,December
20221209,20221209,2022-12-09,202212,Qtr 4,12,December
20221210,20221210,2022-12-10,202212,Qtr 4,12,December
20221211,20221211,2022-12-11,202212,Qtr 4,12,December
20221212,20221212,2022-12-12,202212,Qtr 4,12,December
20221213,20221213,2022-12-13,202212,Qtr 4,12,December
20221214,20221214,2022-12-14,202212,Qtr 4,12,December
20221215,20221215,2022-12-15,202212,Qtr 4,12,December
20221216,20221216,2022-12-16,202212,Qtr 4,12,December
20221217,20221217,2022-12-17,202212,Qtr 4,12,December
20221218,20221218,2022-12-18,202212,Qtr 4,12,December
20221219,20221219,2022-12-19,202212,Qtr 4,12,December
20221220,20221220,2022-12-20,202212,Qtr 4,12,December
20221221,20221221,2022-12-21,202212,Qtr 4,12,December
20221222,20221222,2022-12-22,202212,Qtr 4,12,December
20221223,20221223,2022-12-23,202212,Qtr 4,12,December
20221224,20221224,2022-12-24,202212,Qtr 4,12,December
20221225,20221225,2022-12-25,202212,Qtr 4,12,December
20221226,20221226,2022-12-26,202212,Qtr 4,12,December
20221227,20221227,2022-12-27,202212,Qtr 4,12,December
20221228,20221228,2022-12-28,202212,Qtr 4,12,December
20221229,20221229,2022-12-29,202212,Qtr 4,12,December
20221230,20221230,2022-12-30,202212,Qtr 4,12,December
20221231,20221231,2022-12-31,202212,Qtr 4,12,December
20230101,20230101,2023-01-01,202301,Qtr 4,1,January
20230102,20230102,2023-01-02,202301,Qtr 4,1,January
20230103,20230103,2023-01-03,202301,Qtr 4,1,January
20230104,20230104,2023-01-04,202301,Qtr 4,1,January
20230105,20230105,2023-01-05,202301,Qtr 4,1,January
20230106,20230106,2023-01-06,202301,Qtr 4,1,January
20230107,20230107,2023-01-07,202301,Qtr 4,1,January
20230108,20230108,2023-01-08,202301,Qtr 4,1,January
20230109,20230109,2023-01-09,202301,Qtr 4,1,January
20230110,20230110,2023-01-10,202301,Qtr 4,1,January
20230111,20230111,2023-01-11,202301,Qtr 4,1,January
20230112,20230112,2023-01-12,202301,Qtr 4,1,January
20230113,20230113,2023-01-13,202301,Qtr 4,1,January
20230114,20230114,2023-01-14,202301,Qtr 4,1,January
20230115,20230115,2023-01-15,202301,Qtr 4,1,January
20230116,20230116,2023-01-16,202301,Qtr 4,1,January
20230117,20230117,2023-01-17,202301,Qtr 4,1,January
20230118,20230118,2023-01-18,202301,Qtr 4,1,January
20230119,20230119,2023-01-19,202301,Qtr 4,1,January
20230120,20230120,2023-01-20,202301,Qtr 4,1,January
20230121,20230121,2023-01-21,202301,Qtr 4,1,January
20230122,20230122,2023-01-22,202301,Qtr 4,1,January
20230123,20230123,2023-01-23,202301,Qtr 4,1,January
20230124,20230124,2023-01-24,202301,Qtr 4,1,January
20230125,20230125,2023-01-25,202301,Qtr 4,1,January
20230126,20230126,2023-01-26,202301,Qtr 4,1,January
20230127,20230127,2023-01-27,202301,Qtr 4,1,January
20230128,20230128,2023-01-28,202301,Qtr 4,1,January
20230129,20230129,2023-01-29,202301,Qtr 4,1,January
20230130,20230130,2023-01-30,202301,Qtr 4,1,January
20230131,20230131,2023-01-31,202301,Qtr 4,1,January
20230201,20230201,2023-02-01,202302,Qtr 1,2,February
20230202,20230202,2023-02-02,202302,Qtr 1,2,February
20230203,20230203,2023-02-03,202302,Qtr 1,2,February
20230204,20230204,2023-02-04,202302,Qtr 1,2,February
20230205,20230205,2023-02-05,202302,Qtr 1,2,February
20230206,20230206,2023-02-06,202302,Qtr 1,2,February
20230207,20230207,2023-02-07,202302,Qtr 1,2,February
20230208,20230208,2023-02-08,202302,Qtr 1,2,February
20230209,20230209,2023-02-09,202302,Qtr 1,2,February
20230210,20230210,2023-02-10,202302,Qtr 1,2,February
20230211,20230211,2023-02-11,202302,Qtr 1,2,February
20230212,20230212,2023-02-12,202302,Qtr 1,2,February
20230213,20230213,2023-02-13,202302,Qtr 1,2,February
20230214,20230214,2023-02-14,202302,Qtr 1,2,February
20230215,20230215,2023-02-15,202302,Qtr 1,2,February
20230216,20230216,2023-02-16,202302,Qtr 1,2,February
20230217,20230217,2023-02-17,202302,Qtr 1,2,February
20230218,20230218,2023-02-18,202302,Qtr 1,2,February
20230219,20230219,2023-02-19,202302,Qtr 1,2,February
20230220,20230220,2023-02-20,202302,Qtr 1,2,February
20230221,20230221,2023-02-21,202302,Qtr 1,2,February
20230222,20230222,2023-02-22,202302,Qtr 1,2,February
20230223,20230223,2023-02-23,202302,Qtr 1,2,February
20230224,20230224,2023-02-24,202302,Qtr 1,2,February
20230225,20230225,2023-02-25,202302,Qtr 1,2,February
20230226,20230226,2023-02-26,202302,Qtr 1,2,February
20230227,20230227,2023-02-27,202302,Qtr 1,2,February
20230228,20230228,2023-02-28,202302,Qtr 1,2,February
20230301,20230301,2023-03-01,202303,Qtr 1,3,March
20230302,20230302,2023-03-02,202303,Qtr 1,3,March
20230303,20230303,2023-03-03,202303,Qtr 1,3,March
20230304,20230304,2023-03-04,202303,Qtr 1,3,March
20230305,20230305,2023-03-05,202303,Qtr 1,3,March
20230306,20230306,2023-03-06,202303,Qtr 1,3,March
20230307,20230307,2023-03-07,202303,Qtr 1,3,March
20230308,20230308,2023-03-08,202303,Qtr 1,3,March
20230309,20230309,2023-03-09,202303,Qtr 1,3,March
20230310,20230310,2023-03-10,202303,Qtr 1,3,March
20230311,20230311,2023-03-11,202303,Qtr 1,3,March
20230312,20230312,2023-03-12,202303,Qtr 1,3,March
20230313,20230313,2023-03-13,202303,Qtr 1,3,March
20230314,20230314,2023-03-14,202303,Qtr 1,3,March
20230315,20230315,2023-03-15,202303,Qtr 1,3,March
20230316,20230316,2023-03-16,202303,Qtr 1,3,March
20230317,20230317,2023-03-17,202303,Qtr 1,3,March
20230318,20230318,2023-03-18,202303,Qtr 1,3,March
20230319,20230319,2023-03-19,202303,Qtr 1,3,March
20230320,20230320,2023-03-20,202303,Qtr 1,3,March
20230321,20230321,2023-03-21,202303,Qtr 1,3,March
20230322,20230322,2023-03-22,202303,Qtr 1,3,March
20230323,20230323,2023-03-23,202303,Qtr 1,3,March
20230324,20230324,2023-03-24,202303,Qtr 1,3,March
20230325,20230325,2023-03-25,202303,Qtr 1,3,March
20230326,20230326,2023-03-26,202303,Qtr 1,3,March
20230327,20230327,2023-03-27,202303,Qtr 1,3,March
20230328,20230328,2023-03-28,202303,Qtr 1,3,March
20230329,20230329,2023-03-29,202303,Qtr 1,3,March
20230330,20230330,2023-03-30,202303,Qtr 1,3,March
20230331,20230331,2023-03-31,202303,Qtr 1,3,March
20230401,20230401,2023-04-01,202304,Qtr 1,4,April
20230402,20230402,2023-04-02,202304,Qtr 1,4,April
20230403,20230403,2023-04-03,202304,Qtr 1,4,April
20230404,20230404,2023-04-04,202304,Qtr 1,4,April
20230405,20230405,2023-04-05,202304,Qtr 1,4,April
20230406,20230406,2023-04-06,202304,Qtr 1,4,April
20230407,20230407,2023-04-07,202304,Qtr 1,4,April
20230408,20230408,2023-04-08,202304,Qtr 1,4,April
20230409,20230409,2023-04-09,202304,Qtr 1,4,April
20230410,20230410,2023-04-10,202304,Qtr 1,4,April
20230411,20230411,2023-04-11,202304,Qtr 1,4,April
20230412,20230412,2023-04-12,202304,Qtr 1,4,April
20230413,20230413,2023-04-13,202304,Qtr 1,4,April
20230414,20230414,2023-04-14,202304,Qtr 1,4,April
20230415,20230415,2023-04-15,202304,Qtr 1,4,April
20230416,20230416,2023-04-16,202304,Qtr 1,4,April
20230417,20230417,2023-04-17,202304,Qtr 1,4,April
20230418,20230418,2023-04-18,202304,Qtr 1,4,April
20230419,20230419,2023-04-19,202304,Qtr 1,4,April
20230420,20230420,2023-04-20,202304,Qtr 1,4,April
20230421,20230421,2023-04-21,202304,Qtr 1,4,April
20230422,20230422,2023-04-22,202304,Qtr 1,4,April
20230423,20230423,2023-04-23,202304,Qtr 1,4,April
20230424,20230424,2023-04-24,202304,Qtr 1,4,April
20230425,20230425,2023-04-25,202304,Qtr 1,4,April
20230426,20230426,2023-04-26,202304,Qtr 1,4,April
20230427,20230427,2023-04-27,202304,Qtr 1,4,April
20230428,20230428,2023-04-28,202304,Qtr 1,4,April
20230429,20230429,2023-04-29,202304,Qtr 1,4,April
20230430,20230430,2023-04-30,202304,Qtr 1,4,April
20230501,20230501,2023-05-01,202305,Qtr 2,5,May
20230502,20230502,2023-05-02,202305,Qtr 2,5,May
20230503,20230503,2023-05-03,202305,Qtr 2,5,May
20230504,20230504,2023-05-04,202305,Qtr 2,5,May
20230505,20230505,2023-05-05,202305,Qtr 2,5,May
20230506,20230506,2023-05-06,202305,Qtr 2,5,May
20230507,20230507,2023-05-07,202305,Qtr 2,5,May
20230508,20230508,2023-05-08,202305,Qtr 2,5,May
20230509,20230509,2023-05-09,202305,Qtr 2,5,May
20230510,20230510,2023-05-10,202305,Qtr 2,5,May
20230511,20230511,2023-05-11,202305,Qtr 2,5,May
20230512,20230512,2023-05-12,202305,Qtr 2,5,May
20230513,20230513,2023-05-13,202305,Qtr 2,5,May
20230514,20230514,2023-05-14,202305,Qtr 2,5,May
20230515,20230515,2023-05-15,202305,Qtr 2,5,May
20230516,20230516,2023-05-16,202305,Qtr 2,5,May
20230517,20230517,2023-05-17,202305,Qtr 2,5,May
20230518,20230518,2023-05-18,202305,Qtr 2,5,May
20230519,20230519,2023-05-19,202305,Qtr 2,5,May
20230520,20230520,2023-05-20,202305,Qtr 2,5,May
20230521,20230521,2023-05-21,202305,Qtr 2,5,May
20230522,20230522,2023-05-22,202305,Qtr 2,5,May
20230523,20230523,2023-05-23,202305,Qtr 2,5,May
20230524,20230524,2023-05-24,202305,Qtr 2,5,May
20230525,20230525,2023-05-25,202305,Qtr 2,5,May
20230526,20230526,2023-05-26,202305,Qtr 2,5,May
20230527,20230527,2023-05-27,202305,Qtr 2,5,May
20230528,20230528,2023-05-28,202305,Qtr 2,5,May
20230529,20230529,2023-05-29,202305,Qtr 2,5,May
20230530,20230530,2023-05-30,202305,Qtr 2,5,May
20230531,20230531,2023-05-31,202305,Qtr 2,5,May
20230601,20230601,2023-06-01,202306,Qtr 2,6,June
20230602,20230602,2023-06-02,202306,Qtr 2,6,June
20230603,20230603,2023-06-03,202306,Qtr 2,6,June
20230604,20230604,2023-06-04,202306,Qtr 2,6,June
20230605,20230605,2023-06-05,202306,Qtr 2,6,June
20230606,20230606,2023-06-06,202306,Qtr 2,6,June
20230607,20230607,2023-06-07,202306,Qtr 2,6,June
20230608,20230608,2023-06-08,202306,Qtr 2,6,June
20230609,20230609,2023-06-09,202306,Qtr 2,6,June
20230610,20230610,2023-06-10,202306,Qtr 2,6,June
20230611,20230611,2023-06-11,202306,Qtr 2,6,June
20230612,20230612,2023-06-12,202306,Qtr 2,6,June
20230613,20230613,2023-06-13,202306,Qtr 2,6,June
20230614,20230614,2023-06-14,202306,Qtr 2,6,June
20230615,20230615,2023-06-15,202306,Qtr 2,6,June
20230616,20230616,2023-06-16,202306,Qtr 2,6,June
20230617,20230617,2023-06-17,202306,Qtr 2,6,June
20230618,20230618,2023-06-18,202306,Qtr 2,6,June
20230619,20230619,2023-06-19,202306,Qtr 2,6,June
20230620,20230620,2023-06-20,202306,Qtr 2,6,June
20230621,20230621,2023-06-21,202306,Qtr 2,6,June
20230622,20230622,2023-06-22,202306,Qtr 2,6,June
20230623,20230623,2023-06-23,202306,Qtr 2,6,June
20230624,20230624,2023-06-24,202306,Qtr 2,6,June
20230625,20230625,2023-06-25,202306,Qtr 2,6,June
20230626,20230626,2023-06-26,202306,Qtr 2,6,June
20230627,20230627,2023-06-27,202306,Qtr 2,6,June
20230628,20230628,2023-06-28,202306,Qtr 2,6,June
20230629,20230629,2023-06-29,202306,Qtr 2,6,June
20230630,20230630,2023-06-30,202306,Qtr 2,6,June
20230701,20230701,2023-07-01,202307,Qtr 2,7,July
20230702,20230702,2023-07-02,202307,Qtr 2,7,July
20230703,20230703,2023-07-03,202307,Qtr 2,7,July
20230704,20230704,2023-07-04,202307,Qtr 2,7,July
20230705,20230705,2023-07-05,202307,Qtr 2,7,July
20230706,20230706,2023-07-06,202307,Qtr 2,7,July
20230707,20230707,2023-07-07,202307,Qtr 2,7,July
20230708,20230708,2023-07-08,202307,Qtr 2,7,July
20230709,20230709,2023-07-09,202307,Qtr 2,7,July
20230710,20230710,2023-07-10,202307,Qtr 2,7,July
20230711,20230711,2023-07-11,202307,Qtr 2,7,July
20230712,20230712,2023-07-12,202307,Qtr 2,7,July
20230713,20230713,2023-07-13,202307,Qtr 2,7,July
20230714,20230714,2023-07-14,202307,Qtr 2,7,July
20230715,20230715,2023-07-15,202307,Qtr 2,7,July
20230716,20230716,2023-07-16,202307,Qtr 2,7,July
20230717,20230717,2023-07-17,202307,Qtr 2,7,July
20230718,20230718,2023-07-18,202307,Qtr 2,7,July
20230719,20230719,2023-07-19,202307,Qtr 2,7,July
20230720,20230720,2023-07-20,202307,Qtr 2,7,July
20230721,20230721,2023-07-21,202307,Qtr 2,7,July
20230722,20230722,2023-07-22,202307,Qtr 2,7,July
20230723,20230723,2023-07-23,202307,Qtr 2,7,July
20230724,20230724,2023-07-24,202307,Qtr 2,7,July
20230725,20230725,2023-07-25,202307,Qtr 2,7,July
20230726,20230726,2023-07-26,202307,Qtr 2,7,July
20230727,20230727,2023-07-27,202307,Qtr 2,7,July
20230728,20230728,2023-07-28,202307,Qtr 2,7,July
20230729,20230729,2023-07-29,202307,Qtr 2,7,July
20230730,20230730,2023-07-30,202307,Qtr 2,7,July
20230731,20230731,2023-07-31,202307,Qtr 2,7,July
20230801,20230801,2023-08-01,202308,Qtr 3,8,August
20230802,20230802,2023-08-02,202308,Qtr 3,8,August
20230803,20230803,2023-08-03,202308,Qtr 3,8,August
20230804,20230804,2023-08-04,202308,Qtr 3,8,August
20230805,20230805,2023-08-05,202308,Qtr 3,8,August
20230806,20230806,2023-08-06,202308,Qtr 3,8,August
20230807,20230807,2023-08-07,202308,Qtr 3,8,August
20230808,20230808,2023-08-08,202308,Qtr 3,8,August
20230809,20230809,2023-08-09,202308,Qtr 3,8,August
20230810,20230810,2023-08-10,202308,Qtr 3,8,August
20230811,20230811,2023-08-11,202308,Qtr 3,8,August
20230812,20230812,2023-08-12,202308,Qtr 3,8,August
20230813,20230813,2023-08-13,202308,Qtr 3,8,August
20230814,20230814,2023-08-14,202308,Qtr 3,8,August
20230815,20230815,2023-08-15,202308,Qtr 3,8,August
20230816,20230816,2023-08-16,202308,Qtr 3,8,August
20230817,20230817,2023-08-17,202308,Qtr 3,8,August
20230818,20230818,2023-08-18,202308,Qtr 3,8,August
20230819,20230819,2023-08-19,202308,Qtr 3,8,August
20230820,20230820,2023-08-20,202308,Qtr 3,8,August
20230821,20230821,2023-08-21,202308,Qtr 3,8,August
20230822,20230822,2023-08-22,202308,Qtr 3,8,August
20230823,20230823,2023-08-23,202308,Qtr 3,8,August
20230824,20230824,2023-08-24,202308,Qtr 3,8,August
20230825,20230825,2023-08-25,202308,Qtr 3,8,August
20230826,20230826,2023-08-26,202308,Qtr 3,8,August
20230827,20230827,2023-08-27,202308,Qtr 3,8,August
20230828,20230828,2023-08-28,202308,Qtr 3,8,August
20230829,20230829,2023-08-29,202308,Qtr 3,8,August
20230830,20230830,2023-08-30,202308,Qtr 3,8,August
20230831,20230831,2023-08-31,202308,Qtr 3,8,August
20230901,20230901,2023-09-01,202309,Qtr 3,9,September
20230902,20230902,2023-09-02,202309,Qtr 3,9,September
20230903,20230903,2023-09-03,202309,Qtr 3,9,September
20230904,20230904,2023-09-04,202309,Qtr 3,9,September
20230905,20230905,2023-09-05,202309,Qtr 3,9,September
20230906,20230906,2023-09-06,202309,Qtr 3,9,September
20230907,20230907,2023-09-07,202309,Qtr 3,9,September
20230908,20230908,2023-09-08,202309,Qtr 3,9,September
20230909,20230909,2023-09-09,202309,Qtr 3,9,September
20230910,20230910,2023-09-10,202309,Qtr 3,9,September
20230911,20230911,2023-09-11,202309,Qtr 3,9,September
20230912,20230912,2023-09-12,202309,Qtr 3,9,September
20230913,20230913,2023-09-13,202309,Qtr 3,9,September
20230914,20230914,2023-09-14,202309,Qtr 3,9,September
20230915,20230915,2023-09-15,202309,Qtr 3,9,September
20230916,20230916,2023-09-16,202309,Qtr 3,9,September
20230917,20230917,2023-09-17,202309,Qtr 3,9,September
20230918,20230918,2023-09-18,202309,Qtr 3,9,September
20230919,20230919,2023-09-19,202309,Qtr 3,9,September
20230920,20230920,2023-09-20,202309,Qtr 3,9,September
20230921,20230921,2023-09-21,202309,Qtr 3,9,September
20230922,20230922,2023-09-22,202309,Qtr 3,9,September
20230923,20230923,2023-09-23,202309,Qtr 3,9,September
20230924,20230924,2023-09-24,202309,Qtr 3,9,September
20230925,20230925,2023-09-25,202309,Qtr 3,9,September
20230926,20230926,2023-09-26,202309,Qtr 3,9,September
20230927,20230927,2023-09-27,202309,Qtr 3,9,September
20230928,20230928,2023-09-28,202309,Qtr 3,9,September
20230929,20230929,2023-09-29,202309,Qtr 3,9,September
20230930,20230930,2023-09-30,202309,Qtr 3,9,September
20231001,20231001,2023-10-01,202310,Qtr 3,10,October
20231002,20231002,2023-10-02,202310,Qtr 3,10,October
20231003,20231003,2023-10-03,202310,Qtr 3,10,October
20231004,20231004,2023-10-04,202310,Qtr 3,10,October
20231005,20231005,2023-10-05,202310,Qtr 3,10,October
20231006,20231006,2023-10-06,202310,Qtr 3,10,October
20231007,20231007,2023-10-07,202310,Qtr 3,10,October
20231008,20231008,2023-10-08,202310,Qtr 3,10,October
20231009,20231009,2023-10-09,202310,Qtr 3,10,October
20231010,20231010,2023-10-10,202310,Qtr 3,10,October
20231011,20231011,2023-10-11,202310,Qtr 3,10,October
20231012,20231012,2023-10-12,202310,Qtr 3,10,October
20231013,20231013,2023-10-13,202310,Qtr 3,10,October
20231014,20231014,2023-10-14,202310,Qtr 3,10,October
20231015,20231015,2023-10-15,202310,Qtr 3,10,October
20231016,20231016,2023-10-16,202310,Qtr 3,10,October
20231017,20231017,2023-10-17,202310,Qtr 3,10,October
20231018,20231018,2023-10-18,202310,Qtr 3,10,October
20231019,20231019,2023-10-19,202310,Qtr 3,10,October
20231020,20231020,2023-10-20,202310,Qtr 3,10,October
20231021,20231021,2023-10-21,202310,Qtr 3,10,October
20231022,20231022,2023-10-22,202310,Qtr 3,10,October
20231023,20231023,2023-10-23,202310,Qtr 3,10,October
20231024,20231024,2023-10-24,202310,Qtr 3,10,October
20231025,20231025,2023-10-25,202310,Qtr 3,10,October
20231026,20231026,2023-10-26,202310,Qtr 3,10,October
20231027,20231027,2023-10-27,202310,Qtr 3,10,October
20231028,20231028,2023-10-28,202310,Qtr 3,10,October
20231029,20231029,2023-10-29,202310,Qtr 3,10,October
20231030,20231030,2023-10-30,202310,Qtr 3,10,October
20231031,20231031,2023-10-31,202310,Qtr 3,10,October
20231101,20231101,2023-11-01,202311,Qtr 4,11,November
20231102,20231102,2023-11-02,202311,Qtr 4,11,November
20231103,20231103,2023-11-03,202311,Qtr 4,11,November
20231104,20231104,2023-11-04,202311,Qtr 4,11,November
20231105,20231105,2023-11-05,202311,Qtr 4,11,November
20231106,20231106,2023-11-06,202311,Qtr 4,11,November
20231107,20231107,2023-11-07,202311,Qtr 4,11,November
20231108,20231108,2023-11-08,202311,Qtr 4,11,November
20231109,20231109,2023-11-09,202311,Qtr 4,11,November
20231110,20231110,2023-11-10,202311,Qtr 4,11,November
20231111,20231111,2023-11-11,202311,Qtr 4,11,November
20231112,20231112,2023-11-12,202311,Qtr 4,11,November
20231113,20231113,2023-11-13,202311,Qtr 4,11,November
20231114,20231114,2023-11-14,202311,Qtr 4,11,November
20231115,20231115,2023-11-15,202311,Qtr 4,11,November
20231116,20231116,2023-11-16,202311,Qtr 4,11,November
20231117,20231117,2023-11-17,202311,Qtr 4,11,November
20231118,20231118,2023-11-18,202311,Qtr 4,11,November
20231119,20231119,2023-11-19,202311,Qtr 4,11,November
20231120,20231120,2023-11-20,202311,Qtr 4,11,November
20231121,20231121,2023-11-21,202311,Qtr 4,11,November
20231122,20231122,2023-11-22,202311,Qtr 4,11,November
20231123,20231123,2023-11-23,202311,Qtr 4,11,November
20231124,20231124,2023-11-24,202311,Qtr 4,11,November
20231125,20231125,2023-11-25,202311,Qtr 4,11,November
20231126,20231126,2023-11-26,202311,Qtr 4,11,November
20231127,20231127,2023-11-27,202311,Qtr 4,11,November
20231128,20231128,2023-11-28,202311,Qtr 4,11,November
20231129,20231129,2023-11-29,202311,Qtr 4,11,November
20231130,20231130,2023-11-30,202311,Qtr 4,11,November
20231201,20231201,2023-12-01,202312,Qtr 4,12,December
20231202,20231202,2023-12-02,202312,Qtr 4,12,December
20231203,20231203,2023-12-03,202312,Qtr 4,12,December
20231204,20231204,2023-12-04,202312,Qtr 4,12,December
20231205,20231205,2023-12-05,202312,Qtr 4,12,December
20231206,20231206,2023-12-06,202312,Qtr 4,12,December
20231207,20231207,2023-12-07,202312,Qtr 4,12,December
20231208,20231208,2023-12-08,202312,Qtr 4,12,December
20231209,20231209,2023-12-09,202312,Qtr 4,12,December
20231210,20231210,2023-12-10,202312,Qtr 4,12,December
20231211,20231211,2023-12-11,202312,Qtr 4,12,December
20231212,20231212,2023-12-12,202312,Qtr 4,12,December
20231213,20231213,2023-12-13,202312,Qtr 4,12,December
20231214,20231214,2023-12-14,202312,Qtr 4,12,December
20231215,20231215,2023-12-15,202312,Qtr 4,12,December
20231216,20231216,2023-12-16,202312,Qtr 4,12,December
20231217,20231217,2023-12-17,202312,Qtr 4,12,December
20231218,20231218,2023-12-18,202312,Qtr 4,12,December
20231219,20231219,2023-12-19,202312,Qtr 4,12,December
20231220,20231220,2023-12-20,202312,Qtr 4,12,December
20231221,20231221,2023-12-21,202312,Qtr 4,12,December
20231222,20231222,2023-12-22,202312,Qtr 4,12,December
20231223,20231223,2023-12-23,202312,Qtr 4,12,December
20231224,20231224,2023-12-24,202312,Qtr 4,12,December
20231225,20231225,2023-12-25,202312,Qtr 4,12,December
20231226,20231226,2023-12-26,202312,Qtr 4,12,December
20231227,20231227,2023-12-27,202312,Qtr 4,12,December
20231228,20231228,2023-12-28,202312,Qtr 4,12,December
20231229,20231229,2023-12-29,202312,Qtr 4,12,December
20231230,20231230,2023-12-30,202312,Qtr 4,12,December
20231231,20231231,2023-12-31,202312,Qtr 4,12,December
